programme_name,programme_id,project_name,project_id,project_url,property_code,entity_id,correct_profile,fully_correct_profile,fcorrect_measures,space_heating_requirement,ber,primary_energy_requirement,profile_event_type
Retrofit for the Future,c94a2f01d89708fb406fed83665ccb1c36e441a5,"Eco-Energy Retrofit, Grove Housing Association, Belfast",0cb3e3c40cba48ecc0758c1d75086ce12fb3ced4,http://www.getembed.com/4/projects/0cb3e3c40cba48ecc0758c1d75086ce12fb3ced4/entities/,TSB001,289a56322c32cfa1f76fb41c70e69b4d091a3d97,True,0,0,19.9,7.11,346.0,pre
Retrofit for the Future,c94a2f01d89708fb406fed83665ccb1c36e441a5,whole house retrofit of a typical Victorian solid wall detached property in Brighton,37e7e4deedba789a50c246a329475eedb79cab83,http://www.getembed.com/4/projects/37e7e4deedba789a50c246a329475eedb79cab83/entities/,TSB090,6c058c6f1fbc6f21d7c0dbeaad574f7fb22ba3a8,True,0,0,410.0,62.6,475.0,pre
Retrofit for the Future,c94a2f01d89708fb406fed83665ccb1c36e441a5,Retrofit & Replicate II,ca9c6ce23a3e9474d5b000da988dc7103161d55d,http://www.getembed.com/4/projects/ca9c6ce23a3e9474d5b000da988dc7103161d55d/entities/,TSB034,c7c391ef4ceebdfb1d14c82e4e298821fdd8a841,True,0,0,16367.8,,100.0,pre
Retrofit for the Future,c94a2f01d89708fb406fed83665ccb1c36e441a5,Decent Homes versus PassivHaus,ba06eaa5270240a65be3bd5be8e3f38ef29151c9,http://www.getembed.com/4/projects/ba06eaa5270240a65be3bd5be8e3f38ef29151c9/entities/,TSB028,d9b68d5386fcb510e8447a771e7f9df1978d42c5,True,0,0,9.0,10.69,171.0,post
Retrofit for the Future,c94a2f01d89708fb406fed83665ccb1c36e441a5,Hanley Passivhaus ,d24182b1f26e84521569a11687aac383fb036bbe,http://www.getembed.com/4/projects/d24182b1f26e84521569a11687aac383fb036bbe/entities/,TSB096,c9ac6a256b4c55beca3bbfee2962985e7cf4001b,True,0,0,11.78,,69.2,pre
Retrofit for the Future,c94a2f01d89708fb406fed83665ccb1c36e441a5,"Rotherham 2010: Wath road, Brampton",528defcd773aa3b1f0f64eae46e54e7e4b33f1f2,http://www.getembed.com/4/projects/528defcd773aa3b1f0f64eae46e54e7e4b33f1f2/entities/,TSB014,db41774b81ae85f2e00242c5e92bf08f96e493e5,True,0,0,29.0,,221.72,pre
Retrofit for the Future,c94a2f01d89708fb406fed83665ccb1c36e441a5,"Rotherham 2010: Wath road, Brampton",528defcd773aa3b1f0f64eae46e54e7e4b33f1f2,http://www.getembed.com/4/projects/528defcd773aa3b1f0f64eae46e54e7e4b33f1f2/entities/,TSB013,f93caa0a0b134f9ecfa3690fa5a77ae57f0bd8db,True,0,0,29.0,33.76,106.08,planned
Retrofit for the Future,c94a2f01d89708fb406fed83665ccb1c36e441a5,"Rotherham 2010: Wath road, Brampton",528defcd773aa3b1f0f64eae46e54e7e4b33f1f2,http://www.getembed.com/4/projects/528defcd773aa3b1f0f64eae46e54e7e4b33f1f2/entities/,TSB017,a6f09ddcb253fd4a74d651ebfb629a578e0beb71,True,0,0,29.0,37.36,102.4,planned
Retrofit for the Future,c94a2f01d89708fb406fed83665ccb1c36e441a5,"Mayfair Place, Tuxford for A1 Housing Association",d24d65baa2d25658df844e372c6c73992dc98014,http://www.getembed.com/4/projects/d24d65baa2d25658df844e372c6c73992dc98014/entities/,TSB073,87fd6f13a3e24f878795f9dc97e7afe9f804b7e4,True,0,0,19.6,,81.2,planned
Retrofit for the Future,c94a2f01d89708fb406fed83665ccb1c36e441a5,WHISCERS - Whole House In-Situ Carbon and Energy Reduction Solution,6a9f9b929ccf31037abe3d82ab6b4093683dd9a5,http://www.getembed.com/4/projects/6a9f9b929ccf31037abe3d82ab6b4093683dd9a5/entities/,TSB084,7c00ea349f7fcd48a432d6499e83429393b90ba8,True,0,0,113.22,,167.0,post
Retrofit for the Future,c94a2f01d89708fb406fed83665ccb1c36e441a5,LHA Total Retrofit Solution - Retrofitting 2 seperate properties,cc7c384c0059d41c6217f5a9620f538f0d383f0a,http://www.getembed.com/4/projects/cc7c384c0059d41c6217f5a9620f538f0d383f0a/entities/,TSB056,1f969c050cc1ce218cdb8ebef628d5cd620c4cb2,True,1,0,30.0,10.47,100.0,post
Retrofit for the Future,c94a2f01d89708fb406fed83665ccb1c36e441a5,LHA Total Retrofit Solution - Retrofitting 2 seperate properties,cc7c384c0059d41c6217f5a9620f538f0d383f0a,http://www.getembed.com/4/projects/cc7c384c0059d41c6217f5a9620f538f0d383f0a/entities/,TSB055,a9660762739e223c75ca48281bb2624f63421dcf,True,1,0,40.0,9.25,100.0,planned
Retrofit for the Future,c94a2f01d89708fb406fed83665ccb1c36e441a5,"Stone Pit Lane - Whole house refurbishment of an off-gas 1930s 3-bed semi with advanced levels of energy efficiency, supplemented by an innovative air source heat pump",4e6ec003585906009f904a120849d92117efccf3,http://www.getembed.com/4/projects/4e6ec003585906009f904a120849d92117efccf3/entities/,TSB097,63daea2124c326571b73c0bedf73eab457ca102e,False,0,0,,,,
Retrofit for the Future,c94a2f01d89708fb406fed83665ccb1c36e441a5,Isos Housing Group - End Terrace Retrofit,14faff90ab1ea584c9b117a2dc2544b82c1175e8,http://www.getembed.com/4/projects/14faff90ab1ea584c9b117a2dc2544b82c1175e8/entities/,TSB061,d1fbd38c8b47eeb4b548746db85561019174be45,True,1,0,77.0,10.34,100.0,post
Retrofit for the Future,c94a2f01d89708fb406fed83665ccb1c36e441a5,Thermal Store retrofit pilot,bafc72262e93749cb0bf540df218756c244cf54a,http://www.getembed.com/4/projects/bafc72262e93749cb0bf540df218756c244cf54a/entities/,TSB053,f6fe2539d02c07d70aba2868a2ddfcd43b6f2ef1,True,0,0,23.59,,101.94,pre
Retrofit for the Future,c94a2f01d89708fb406fed83665ccb1c36e441a5,Rural solid wall terrace house - 80% carbon emission reduction,cde1c503da846e1fa0b4f46647eb83a4791d4938,http://www.getembed.com/4/projects/cde1c503da846e1fa0b4f46647eb83a4791d4938/entities/,TSB026,554daec1e1168ac18de3c23f8c21289842a3f89e,True,0,0,29.46,,64.9,planned
Retrofit for the Future,c94a2f01d89708fb406fed83665ccb1c36e441a5,Eco-retrofit Ealing,623967950cf70f80da46303bc10fe3b0083b53f4,http://www.getembed.com/4/projects/623967950cf70f80da46303bc10fe3b0083b53f4/entities/,TSB033,88cd9aad297c6862a19e339d73f37d91815f7e87,False,0,0,,,,
Retrofit for the Future,c94a2f01d89708fb406fed83665ccb1c36e441a5,"Retrofit - Appledore, Ashford",703507f7787ab414993e640117cced8651c57368,http://www.getembed.com/4/projects/703507f7787ab414993e640117cced8651c57368/entities/,TSB101,c475b0eed51383b79da668ff2a82d2036035b1ed,True,0,0,24.22,,92.4,planned
Retrofit for the Future,c94a2f01d89708fb406fed83665ccb1c36e441a5,"Retrofit - Appledore, Ashford",703507f7787ab414993e640117cced8651c57368,http://www.getembed.com/4/projects/703507f7787ab414993e640117cced8651c57368/entities/,TSB093,08dc869d84ac02ff46467cc2808743f13b2cf9d3,True,0,0,24.22,0.0,92.4,planned
Retrofit for the Future,c94a2f01d89708fb406fed83665ccb1c36e441a5,Eco-retrofit Colne,15a62e5a80628dfb4e6d049076eec6671e5fee0a,http://www.getembed.com/4/projects/15a62e5a80628dfb4e6d049076eec6671e5fee0a/entities/,TSB052 ,4859f06e356e424603d29945cb84bf54c849cbcc,True,0,0,979.85,,239.0,planned
Retrofit for the Future,c94a2f01d89708fb406fed83665ccb1c36e441a5,Hockerton Housing Project,14b17f751460cfb30ee9ba52a4e27220c3a6d659,http://www.getembed.com/4/projects/14b17f751460cfb30ee9ba52a4e27220c3a6d659/entities/,TSB023,f8fde10c864faad04284ce09e5c85c4c2e572b9b,True,1,1,8.63,22.07,146.43,planned
Retrofit for the Future,c94a2f01d89708fb406fed83665ccb1c36e441a5,Hockerton Housing Project,14b17f751460cfb30ee9ba52a4e27220c3a6d659,http://www.getembed.com/4/projects/14b17f751460cfb30ee9ba52a4e27220c3a6d659/entities/,TSB022,5a4f46303cf6d1b1a1858d205fbc12d90678a309,True,1,1,8.63,22.07,146.43,post
Retrofit for the Future,c94a2f01d89708fb406fed83665ccb1c36e441a5,Hounslow Passivhaus Retrofit,53031742de5a558e55ab141aa205815bce67f8a3,http://www.getembed.com/4/projects/53031742de5a558e55ab141aa205815bce67f8a3/entities/,TSB109,3b9ab50b3f8f764068328f8d05ffefcfdbedd49d,False,0,0,,,,
Retrofit for the Future,c94a2f01d89708fb406fed83665ccb1c36e441a5,A Whole House Low Carbon Solution for Everyday Living,f3f25a91875289ebddafad073825ae92b02fccfe,http://www.getembed.com/4/projects/f3f25a91875289ebddafad073825ae92b02fccfe/entities/,TSB072,930b4fd6acd3ddf98bcf7b7ac8bf5515db8bd63a,False,0,0,,,,
Retrofit for the Future,c94a2f01d89708fb406fed83665ccb1c36e441a5,NEW FROM OLD,f3ebcec83ac4c78f7e6fd934466885e5d9612a2b,http://www.getembed.com/4/projects/f3ebcec83ac4c78f7e6fd934466885e5d9612a2b/entities/,TSB086,647bec22e8291ac071c6291d3654e91aaf04807a,True,0,0,62.37,,163.2,planned
Retrofit for the Future,c94a2f01d89708fb406fed83665ccb1c36e441a5,Shaftesbury Park Terrace,04daf64f4d53ffffac74bad88e537e49d055afac,http://www.getembed.com/4/projects/04daf64f4d53ffffac74bad88e537e49d055afac/entities/,TSB051,7b65a02dfcc85153ebebcf0f5a9b70ed2ed0f628,True,0,0,32.29,,56.03,planned
Retrofit for the Future,c94a2f01d89708fb406fed83665ccb1c36e441a5,"L&Q Group, Wembley",0e747ea5d02ccc6b64b6b2616a013ea4a782125f,http://www.getembed.com/4/projects/0e747ea5d02ccc6b64b6b2616a013ea4a782125f/entities/,TSB065,86bb4b35fdb490df88527c7bc2ea0e12d6c4e45d,True,0,0,12.05,,59.0,pre
Retrofit for the Future,c94a2f01d89708fb406fed83665ccb1c36e441a5,Yorkshire Housing ,53c7715703c0774645d23031956366d955f73faa,http://www.getembed.com/4/projects/53c7715703c0774645d23031956366d955f73faa/entities/,TSB114,272a827f3a404184031a7d74619e42ac8d666e1a,True,0,0,229.89,83.03,37175.0,pre
Retrofit for the Future,c94a2f01d89708fb406fed83665ccb1c36e441a5,Yorkshire Housing ,53c7715703c0774645d23031956366d955f73faa,http://www.getembed.com/4/projects/53c7715703c0774645d23031956366d955f73faa/entities/,TSB115,ee4f75907a5ca6979b1ed3e7bf9f708ebdda38e5,True,0,0,15765.2,80.15,34501.4,pre
Retrofit for the Future,c94a2f01d89708fb406fed83665ccb1c36e441a5,Metropolitan Housing Trust London,50933deefef6c3639a0a8bb3f32f15a170f501ec,http://www.getembed.com/4/projects/50933deefef6c3639a0a8bb3f32f15a170f501ec/entities/,TSB059,8eff0fd71a90251f41b288e5c404eef6135379ff,True,1,1,22.9,13.87,85.6,planned
Retrofit for the Future,c94a2f01d89708fb406fed83665ccb1c36e441a5,Tower Hamlets Passivhaus Retrofit - Passfield Drive,04aa168bb70c63b60f5a4b746ba13f8dc1782272,http://www.getembed.com/4/projects/04aa168bb70c63b60f5a4b746ba13f8dc1782272/entities/,TSB108 ,283ea0d2c74984852b369fe60de7931de6129a1e,False,0,0,,,,
Retrofit for the Future,c94a2f01d89708fb406fed83665ccb1c36e441a5,SOLAR HOUSE 80/50,69044bf7984c08c677939138ef8c260e44b27b8d,http://www.getembed.com/4/projects/69044bf7984c08c677939138ef8c260e44b27b8d/entities/,TSB031,63f173549daf550b594bb0061be0ff6457e5a125,True,0,0,17.09,,78.16,planned
Retrofit for the Future,c94a2f01d89708fb406fed83665ccb1c36e441a5,Existing technology with new modifications ,5f3f56b05dcd1a885997d92d82d3070103cc0964,http://www.getembed.com/4/projects/5f3f56b05dcd1a885997d92d82d3070103cc0964/entities/,TSB075,3a51746ab34f6a92f9ed9aca5fbdb2261c010d1e,True,1,1,186.0,52.6,317.0,pre
Retrofit for the Future,c94a2f01d89708fb406fed83665ccb1c36e441a5,Rural Innovation for the Future (RIFF),ec6f8ac8bca57de217a4aace80871a21da2adeee,http://www.getembed.com/4/projects/ec6f8ac8bca57de217a4aace80871a21da2adeee/entities/,TSB003,513dcf136c478f0865d5f3768251df92ed7dd524,False,0,0,,,,
Retrofit for the Future,c94a2f01d89708fb406fed83665ccb1c36e441a5,Rural Innovation for the Future (RIFF),ec6f8ac8bca57de217a4aace80871a21da2adeee,http://www.getembed.com/4/projects/ec6f8ac8bca57de217a4aace80871a21da2adeee/entities/,TSB004,3f69593ec6ec32edf05a00826240543834a82842,True,0,0,57.03,73.91,107.29,planned
Retrofit for the Future,c94a2f01d89708fb406fed83665ccb1c36e441a5,Rural Innovation for the Future (RIFF),ec6f8ac8bca57de217a4aace80871a21da2adeee,http://www.getembed.com/4/projects/ec6f8ac8bca57de217a4aace80871a21da2adeee/entities/,TSB002,ce9108416e0af10b021282d6d13394cde0b624cf,True,1,1,12509.2,73.91,461.8,pre
Retrofit for the Future,c94a2f01d89708fb406fed83665ccb1c36e441a5,"A2 Dominion- Bournemead Close, Northholt",dbb77b7059bee93a7b8105a5057b310a8804fe76,http://www.getembed.com/4/projects/dbb77b7059bee93a7b8105a5057b310a8804fe76/entities/,TSB083,bfb90fd4bd13f6943f7c1bfac6d2ef5695f81263,False,0,0,,,,
Retrofit for the Future,c94a2f01d89708fb406fed83665ccb1c36e441a5,BISF Steel Frame House - 80% Carbon Dioxide emmision reduction,201c507debd5191f194c15972430d50ce13e92c3,http://www.getembed.com/4/projects/201c507debd5191f194c15972430d50ce13e92c3/entities/,TSB025,e62593b64ed33808f929212df293107a46fd465b,True,0,0,49.01,,44.07,planned
Retrofit for the Future,c94a2f01d89708fb406fed83665ccb1c36e441a5,Bringing Wates homes into the Future,6c558451253a8b0d1f5a36d3320c0bebcf1f0cc0,http://www.getembed.com/4/projects/6c558451253a8b0d1f5a36d3320c0bebcf1f0cc0/entities/,TSB106,f88d000a594e7676a37f338f1159bec49f89c34b,False,0,0,,,,
Retrofit for the Future,c94a2f01d89708fb406fed83665ccb1c36e441a5,Riverside HA - Semi-Rural 2 Bed Semi-Detached House,444c492a75cb93028e7ca24380ff01e13ad9f782,http://www.getembed.com/4/projects/444c492a75cb93028e7ca24380ff01e13ad9f782/entities/,TSB063,9a66487a594d7f91ad53fa2f455893ccafca1f42,True,1,0,211.0,86.9,760.0,pre
Retrofit for the Future,c94a2f01d89708fb406fed83665ccb1c36e441a5,Self Heating Social Housing- the zero carbon retrofit,f9ae76d7b8a5b5fbb6d61b495826f90e7b908ad2,http://www.getembed.com/4/projects/f9ae76d7b8a5b5fbb6d61b495826f90e7b908ad2/entities/,TSB010,e12ad8feff20e7b66307b704502eaf9f4895ab87,True,0,0,15.78,,52.0,planned
Retrofit for the Future,c94a2f01d89708fb406fed83665ccb1c36e441a5,wakefield and district housing retrofit 2,285e4efeb1de05726e2a6f2cafe1628fd7d88d32,http://www.getembed.com/4/projects/285e4efeb1de05726e2a6f2cafe1628fd7d88d32/entities/,TSB020,33a207c9a1e8dcf09b15126babc2fbea896c397f,True,0,0,35.32,35.16,37.5,post
Retrofit for the Future,c94a2f01d89708fb406fed83665ccb1c36e441a5,Low Carbon Sheppey,d7334379c54a6ffe46186b115347155304b757e5,http://www.getembed.com/4/projects/d7334379c54a6ffe46186b115347155304b757e5/entities/,TSB087,b2b066a5e8dd219a1709958932355efdee29bb07,True,1,1,15305.0,54.85,24930.0,pre
Retrofit for the Future,c94a2f01d89708fb406fed83665ccb1c36e441a5,Low Carbon Sheppey,d7334379c54a6ffe46186b115347155304b757e5,http://www.getembed.com/4/projects/d7334379c54a6ffe46186b115347155304b757e5/entities/,TSB100,e9f5633a3cc4bc9337c63d23bd792d439b946c94,True,1,1,12300.0,56.5,239.0,pre
Retrofit for the Future,c94a2f01d89708fb406fed83665ccb1c36e441a5,Thamesmead Retrofit House,e680e8381a9553276dbb31e658d0ee478f97d6bf,http://www.getembed.com/4/projects/e680e8381a9553276dbb31e658d0ee478f97d6bf/entities/,TSB107,e6d2a0c37bf0e6f41a62eace7b74a606c5a6ca34,True,0,0,25.0,14.0,88.5,planned
Retrofit for the Future,c94a2f01d89708fb406fed83665ccb1c36e441a5,Inspiration Birmingham 2020,5aa650f40d2f60fbe95e77af88151d988585920f,http://www.getembed.com/4/projects/5aa650f40d2f60fbe95e77af88151d988585920f/entities/,TSB029,aa916509846f2705a308a8059ca7f3da4046c25e,True,0,0,5334.66,0.0,,pre
Retrofit for the Future,c94a2f01d89708fb406fed83665ccb1c36e441a5,East Thames Group - Low carbon refurbishment of a typical London Victorian street property,c01f3a6a30fd0a9bc7c41e3297bae5f8c592209a,http://www.getembed.com/4/projects/c01f3a6a30fd0a9bc7c41e3297bae5f8c592209a/entities/,TSB009,51fc1b181bc106bc7ec245d902879e3cdcfb4fce,True,0,0,26.32,,23.32,planned
Retrofit for the Future,c94a2f01d89708fb406fed83665ccb1c36e441a5,Peterborough EnviroCluster Retrofit Project,d27ef6e830b00a204facda3011baa827fc97b579,http://www.getembed.com/4/projects/d27ef6e830b00a204facda3011baa827fc97b579/entities/,TSB110,533967b948ae2ce2f0c6219df4c653742a47c32f,False,0,0,,,,
Retrofit for the Future,c94a2f01d89708fb406fed83665ccb1c36e441a5,Eco-retrofit Bolton,25fdad74c3736e60b0257ac3f06e2726577dc1f0,http://www.getembed.com/4/projects/25fdad74c3736e60b0257ac3f06e2726577dc1f0/entities/,TSB032,c8f8611712da3686830343b0b7d70f88e2eba47d,True,0,0,27.6,,70.48,post
Retrofit for the Future,c94a2f01d89708fb406fed83665ccb1c36e441a5,One Planet Sutton Retrofit,569f443eeb6a432ec68cda746ddfa7470f0b4cbe,http://www.getembed.com/4/projects/569f443eeb6a432ec68cda746ddfa7470f0b4cbe/entities/,TSB119,769a73fb50bed5e0706fdfbaa52a62099656bfaf,True,0,0,49.56,87.0,90.05,post
Retrofit for the Future,c94a2f01d89708fb406fed83665ccb1c36e441a5,One Planet Sutton Retrofit,569f443eeb6a432ec68cda746ddfa7470f0b4cbe,http://www.getembed.com/4/projects/569f443eeb6a432ec68cda746ddfa7470f0b4cbe/entities/,TSB 118,1f58e12c4599baabe6123d7515c5f57a9886e93d,False,0,0,,,,
Retrofit for the Future,c94a2f01d89708fb406fed83665ccb1c36e441a5,One Planet Sutton Retrofit,569f443eeb6a432ec68cda746ddfa7470f0b4cbe,http://www.getembed.com/4/projects/569f443eeb6a432ec68cda746ddfa7470f0b4cbe/entities/,TSB117,c0eb9f577b1a1e01c4c4dcd52c168e4c64333203,True,1,1,51.0,14.0,90.05,intervention_1
Retrofit for the Future,c94a2f01d89708fb406fed83665ccb1c36e441a5,Wakefield and District Housing Retrofit,543b08f8fa51022e6bb0837e30b233eeaaaaaeac,http://www.getembed.com/4/projects/543b08f8fa51022e6bb0837e30b233eeaaaaaeac/entities/,TSB021,40ce3052a1c759b307ae59eb1aadb0655b1e7319,True,0,0,35.32,,37.5,post
Retrofit for the Future,c94a2f01d89708fb406fed83665ccb1c36e441a5,Wakefield and District Housing Retrofit,543b08f8fa51022e6bb0837e30b233eeaaaaaeac,http://www.getembed.com/4/projects/543b08f8fa51022e6bb0837e30b233eeaaaaaeac/entities/,TSB018,6a705cbdd9bea3dbf2ea8869272fb06a8be579c1,True,0,0,35.32,36.45,37.5,planned
Retrofit for the Future,c94a2f01d89708fb406fed83665ccb1c36e441a5,Wakefield and District Housing Retrofit,543b08f8fa51022e6bb0837e30b233eeaaaaaeac,http://www.getembed.com/4/projects/543b08f8fa51022e6bb0837e30b233eeaaaaaeac/entities/,TSB019,58c91c05dc65ce90aa12ef50ca69bd02cf9381ad,True,0,0,35.32,3.23,37.5,planned
Retrofit for the Future,c94a2f01d89708fb406fed83665ccb1c36e441a5,"Addressing Energy Consumption and Climate Change Adaptation in non-South facing, post-Decent Homes properties.",032b8c0ae96805375c1c7779ab01639ce3ad6156,http://www.getembed.com/4/projects/032b8c0ae96805375c1c7779ab01639ce3ad6156/entities/,TSB008,41d4b736fba3baa059e078724978d457a7798b4e,True,1,1,23.82,6.65,47.0,intervention_1
Retrofit for the Future,c94a2f01d89708fb406fed83665ccb1c36e441a5,Solid wall Victorian house in Conservation Area - 80% carbon emission reduction,713d0eb201a577397d567aec47fa64a5c9b08d3c,http://www.getembed.com/4/projects/713d0eb201a577397d567aec47fa64a5c9b08d3c/entities/,TSB024,be9851ba15bb6f5b686434ed3218b69e35dea226,True,0,0,52.24,,39.24,pre
Retrofit for the Future,c94a2f01d89708fb406fed83665ccb1c36e441a5,Passiv Haus Retrofit: refurb and regenerate,08e7c9dceb6d12f5afc2d68b3c508d3dd3ad1739,http://www.getembed.com/4/projects/08e7c9dceb6d12f5afc2d68b3c508d3dd3ad1739/entities/,TSB 085,1467ea7047f65c304e6258c4207ba618c1e5889c,True,0,0,234.38,,683.96,pre
Retrofit for the Future,c94a2f01d89708fb406fed83665ccb1c36e441a5,Hastoe Housing Association,d573bc7b802df9674ac59059af50823c638094f0,http://www.getembed.com/4/projects/d573bc7b802df9674ac59059af50823c638094f0/entities/,TSB035,72429d7e2285bd9a054348e295c74951a5c3495f,True,0,0,61.0,,129.0,post
Retrofit for the Future,c94a2f01d89708fb406fed83665ccb1c36e441a5,Retrofitting to Passivhaus standards,6e4f95bf5a8afcc710cde5ed8d7b441957d877f2,http://www.getembed.com/4/projects/6e4f95bf5a8afcc710cde5ed8d7b441957d877f2/entities/,TSB113,3637dcd36d46e7fa174ed76d22ce78bc7afaeb8c,False,0,0,,,,
Retrofit for the Future,c94a2f01d89708fb406fed83665ccb1c36e441a5,Post Second World War suburban mid terrace house - 80% carbon emission reduction ,b70e121a61ab341b80c57e55552102ff893c3dd1,http://www.getembed.com/4/projects/b70e121a61ab341b80c57e55552102ff893c3dd1/entities/,TSB027,10815adca3d7edd795b401d9d6770998dce8fcbc,True,0,0,193.3,53.58,320.88,post
Retrofit for the Future,c94a2f01d89708fb406fed83665ccb1c36e441a5,Wolfe crescent - How low can we go?,35858df1507f80e7ecf849e2dd66563e1ca3f63b,http://www.getembed.com/4/projects/35858df1507f80e7ecf849e2dd66563e1ca3f63b/entities/,TSB007,15739e66e2e428d4313959be5352e243a9b6269d,True,0,0,18.02,,20.18,planned
Retrofit for the Future,c94a2f01d89708fb406fed83665ccb1c36e441a5,The Oxford Whole House Carbon Reduction Project,fdfe5be0778f557f8cdc085694a5aa2706b68ddd,http://www.getembed.com/4/projects/fdfe5be0778f557f8cdc085694a5aa2706b68ddd/entities/,TSB054,56f722661d1e008f2cee5fa2022f9c0f3e203c50,True,0,0,19.6,,333.0,planned
Retrofit for the Future,c94a2f01d89708fb406fed83665ccb1c36e441a5,Cambridge Housing Society - Adelaide Waters Almshouses,c73ea0bab2ca5b9ecc93eb5073d23fa595eb011b,http://www.getembed.com/4/projects/c73ea0bab2ca5b9ecc93eb5073d23fa595eb011b/entities/,TSB040,04bb16758109e6a288935ce8145400039e8c7357,True,0,0,,,1150.0,pre
Retrofit for the Future,c94a2f01d89708fb406fed83665ccb1c36e441a5,Improvement to a 1930s Semi-Detached Property in Whitehaven,4e9fa7c712d8d5f9be8674cb940f402b894ad418,http://www.getembed.com/4/projects/4e9fa7c712d8d5f9be8674cb940f402b894ad418/entities/,TSB062,227fe6d6afd4d11c38be7ad01fe5fca086ae18ae,True,1,0,27.6,8.5,49.4,planned
Retrofit for the Future,c94a2f01d89708fb406fed83665ccb1c36e441a5,yorkshire housing,1b9f9db263d451d8bb4bd7222e1b6d3f68d17051,http://www.getembed.com/4/projects/1b9f9db263d451d8bb4bd7222e1b6d3f68d17051/entities/,TSB116,6398c7b68ac02d931b630ce3fcb78e9e188be9d6,True,0,0,2300.84,8.67,6218.44,post
Retrofit for the Future,c94a2f01d89708fb406fed83665ccb1c36e441a5,Solutions for a Holistic Optimal Retrofit (SHOR) - 1980s urban end of terrace house ,c5034b9d2f958a4d1987e8d2761e8d349e9778d0,http://www.getembed.com/4/projects/c5034b9d2f958a4d1987e8d2761e8d349e9778d0/entities/,TSB060,1ade3216f4aa466de045fd2c006b6517e0b4cd79,True,0,0,910.0,72.0,,post
Retrofit for the Future,c94a2f01d89708fb406fed83665ccb1c36e441a5,Barbrook PassivHaus Retrofit,81942f37074127ca02d4d9292d5bf19ea06a86e5,http://www.getembed.com/4/projects/81942f37074127ca02d4d9292d5bf19ea06a86e5/entities/,TSB069,d0cce7179cef7af1e6ca4c223623210469cab6dd,True,0,0,9.93,,70.0,post
Retrofit for the Future,c94a2f01d89708fb406fed83665ccb1c36e441a5,Barbrook PassivHaus Retrofit,81942f37074127ca02d4d9292d5bf19ea06a86e5,http://www.getembed.com/4/projects/81942f37074127ca02d4d9292d5bf19ea06a86e5/entities/,TSB068,0741c10f31f675f6020e055d74eaed89c726d83d,True,0,0,10.42,,70.0,pre
Retrofit for the Future (data caution),637fe13082db335ee40be0a144bfb5dd61bbe171,Gentoo Retrofit Bid,da240550508eb37f50d33841a07f8e9ae25e281b,http://www.getembed.com/4/projects/da240550508eb37f50d33841a07f8e9ae25e281b/entities/,TSB081,68cfb1d0c50ed0a5bc20346da2231d4e8f977714,True,1,1,22.78,15.56,96.47,
Retrofit for the Future (data caution),637fe13082db335ee40be0a144bfb5dd61bbe171,Gentoo Retrofit Bid,da240550508eb37f50d33841a07f8e9ae25e281b,http://www.getembed.com/4/projects/da240550508eb37f50d33841a07f8e9ae25e281b/entities/,TSB082,1ea51cd49514714135bc09c45494d07896fe79f8,True,1,1,22.78,15.56,96.47,
Retrofit for the Future (data caution),637fe13082db335ee40be0a144bfb5dd61bbe171,"2050 Now! Achieving the standards for 2050, and the potential role for innovative heating solutions in thermally improved homes",083014875a34192093c9d18e256203d9ddf13f49,http://www.getembed.com/4/projects/083014875a34192093c9d18e256203d9ddf13f49/entities/,,e8d8efb326991a1092dce0cbdc3f4935b6102f36,False,0,0,,,,
Retrofit for the Future (data caution),637fe13082db335ee40be0a144bfb5dd61bbe171,"2050 Now! Achieving the standards for 2050, and the potential role for innovative heating solutions in thermally improved homes",083014875a34192093c9d18e256203d9ddf13f49,http://www.getembed.com/4/projects/083014875a34192093c9d18e256203d9ddf13f49/entities/,TSB121,2cd8e454ea8e81a85fb300b4d4f534e3a8f13eb5,True,0,0,,,309.0,
Retrofit for the Future (data caution),637fe13082db335ee40be0a144bfb5dd61bbe171,"2050 Now! Achieving the standards for 2050, and the potential role for innovative heating solutions in thermally improved homes",083014875a34192093c9d18e256203d9ddf13f49,http://www.getembed.com/4/projects/083014875a34192093c9d18e256203d9ddf13f49/entities/,TSB095,790c2ac3dd69cd01b3cf94798412680a1917bf13,True,0,0,3041.09,,4710.3,
Retrofit for the Future (data caution),637fe13082db335ee40be0a144bfb5dd61bbe171,Melin Homes,8c2b9bf76e4e5a5cde38372494107507dcddf7d0,http://www.getembed.com/4/projects/8c2b9bf76e4e5a5cde38372494107507dcddf7d0/entities/,TSB120,b4f2c336159fe4f494ba967edf018b74bda36840,False,0,0,,,,
Retrofit for the Future (data caution),637fe13082db335ee40be0a144bfb5dd61bbe171,Melin Homes,8c2b9bf76e4e5a5cde38372494107507dcddf7d0,http://www.getembed.com/4/projects/8c2b9bf76e4e5a5cde38372494107507dcddf7d0/entities/,TSB030,9b56210d7fd2cf8816988d441914b0becdda534e,False,0,0,,,,
Retrofit for the Future (data caution),637fe13082db335ee40be0a144bfb5dd61bbe171,Low Carbon Retrofit in the Queens Park Estate Conservation Area,adda3ebef7c529eb34a67adf1c0ef2b2632fdba6,http://www.getembed.com/4/projects/adda3ebef7c529eb34a67adf1c0ef2b2632fdba6/entities/,TSB043,2aefcfd784ee09f8abd34321537c4d3b46a3be82,False,0,0,,,,
Retrofit for the Future (data caution),637fe13082db335ee40be0a144bfb5dd61bbe171,70's Terrace (Four Houses),fe697c92d5587fc8b1390edf15161181a94b03fd,http://www.getembed.com/4/projects/fe697c92d5587fc8b1390edf15161181a94b03fd/entities/,TSB102,2e7c934101ef53e34061e33f8ba753e495ec9f84,False,0,0,,,,
Retrofit for the Future (data caution),637fe13082db335ee40be0a144bfb5dd61bbe171,70's Terrace (Four Houses),fe697c92d5587fc8b1390edf15161181a94b03fd,http://www.getembed.com/4/projects/fe697c92d5587fc8b1390edf15161181a94b03fd/entities/,TSB104,302106c183b06023d2e55bb41294fc318667d6e6,False,0,0,,,,
Retrofit for the Future (data caution),637fe13082db335ee40be0a144bfb5dd61bbe171,70's Terrace (Four Houses),fe697c92d5587fc8b1390edf15161181a94b03fd,http://www.getembed.com/4/projects/fe697c92d5587fc8b1390edf15161181a94b03fd/entities/,TSB105,644809ef6c490ba06bcad099435ad0d057ad269c,True,0,0,29.6,,86.47,
Retrofit for the Future (data caution),637fe13082db335ee40be0a144bfb5dd61bbe171,70's Terrace (Four Houses),fe697c92d5587fc8b1390edf15161181a94b03fd,http://www.getembed.com/4/projects/fe697c92d5587fc8b1390edf15161181a94b03fd/entities/,TSB103,4a55cec5be8559ae955ed3ec0a300f83dd336331,False,0,0,,,,
Retrofit for the Future (data caution),637fe13082db335ee40be0a144bfb5dd61bbe171,"Retrofit to Fairchildes Cottages, Surrey",a40c1af882fb52b50907c70eb148312fea2d1b01,http://www.getembed.com/4/projects/a40c1af882fb52b50907c70eb148312fea2d1b01/entities/,TSB074,1c42950e9a332b54fb242b5864bee144a7b18c62,True,1,1,30.12,155.0,76.31,
Retrofit for the Future (data caution),637fe13082db335ee40be0a144bfb5dd61bbe171,"Retrofitting a post Decent Home/Scottish Housing Quality Standard, concrete no-fines property",62881f8192eab4115567363e21b3fac37bec71ba,http://www.getembed.com/4/projects/62881f8192eab4115567363e21b3fac37bec71ba/entities/,TSB092,6c13239faaf6c5445542dce398561ccb9da24e35,False,0,0,,,,
Retrofit for the Future (data caution),637fe13082db335ee40be0a144bfb5dd61bbe171,Interface Support Products for Existing Technologies,3a8bcf6a3bfd51d77985f1d089b558e417807a4c,http://www.getembed.com/4/projects/3a8bcf6a3bfd51d77985f1d089b558e417807a4c/entities/,TSB058,0f5b98b4f64474bf700a1bb65c373e4b995126a7,False,0,0,,,,
Retrofit for the Future (data caution),637fe13082db335ee40be0a144bfb5dd61bbe171,Wimpey No-Fines retrofit upgrade,fa24334d0cbde26e7d029883babc43a383d9d59d,http://www.getembed.com/4/projects/fa24334d0cbde26e7d029883babc43a383d9d59d/entities/,TSB046,be9fdafa3cec343451fd766b4b60f6826f3b5ba5,False,0,0,,,,
Retrofit for the Future (data caution),637fe13082db335ee40be0a144bfb5dd61bbe171,Enfield Homes,6fe633322a4336b4e1e9190cf29ca9da83106fac,http://www.getembed.com/4/projects/6fe633322a4336b4e1e9190cf29ca9da83106fac/entities/,TSB044,231569f15690fb25480104bfd911465773a44fa8,False,0,0,,,,
Retrofit for the Future (data caution),637fe13082db335ee40be0a144bfb5dd61bbe171,South Wight HA retrofit,01320d2901b2db1269d967f074da485d3ef63d31,http://www.getembed.com/4/projects/01320d2901b2db1269d967f074da485d3ef63d31/entities/,TSB124,90e1c6e989f58f29540b86b6a68e97c5998e638e,False,0,0,,,,
Retrofit for the Future (data caution),637fe13082db335ee40be0a144bfb5dd61bbe171,"ECD architects - Compton, Berkshire ",500abe47d950c694f98bb41ecada2fc8163d2e38,http://www.getembed.com/4/projects/500abe47d950c694f98bb41ecada2fc8163d2e38/entities/,TSB036,4bfe7c545ca1b08a0d97eb5c6b6ae7430de6fc2c,False,0,0,,,,
Retrofit for the Future (data caution),637fe13082db335ee40be0a144bfb5dd61bbe171,"Poplar Road, Brixton",382e939db6dd3fbe54610ea8b084ebda52f27937,http://www.getembed.com/4/projects/382e939db6dd3fbe54610ea8b084ebda52f27937/entities/,TSB067,d04c1195ffdbe28e1f4432b7500a0da9c13a79cc,False,0,0,,,,
Retrofit for the Future (data caution),637fe13082db335ee40be0a144bfb5dd61bbe171,Flagship Retrofit - Incentivising Building Occupants,4cbbcc098382a6fb46a7917cfc7c5a682738be27,http://www.getembed.com/4/projects/4cbbcc098382a6fb46a7917cfc7c5a682738be27/entities/,TSB099,a9f90357d8d4e1ba99dbeab808a2f28fecd0412d,False,0,0,,,,
Retrofit for the Future (data caution),637fe13082db335ee40be0a144bfb5dd61bbe171,Flagship Retrofit - Incentivising Building Occupants,4cbbcc098382a6fb46a7917cfc7c5a682738be27,http://www.getembed.com/4/projects/4cbbcc098382a6fb46a7917cfc7c5a682738be27/entities/,TSB088,94bc1211ff8cda22842d6daf0efc8080020ed114,False,0,0,,,,
Retrofit for the Future (data caution),637fe13082db335ee40be0a144bfb5dd61bbe171,Crawley New Town retrofit,882703b44d1ff202145bcf14869e10d72688b919,http://www.getembed.com/4/projects/882703b44d1ff202145bcf14869e10d72688b919/entities/,TSB047,f1c5574ecc5c51cd404ce1a5f255f8d17b7717a5,False,0,0,,,,
Retrofit for the Future (data caution),637fe13082db335ee40be0a144bfb5dd61bbe171,Cornish Unit Retrofit,6e15db0818ad7ed77adc44873f80a13e823e6854,http://www.getembed.com/4/projects/6e15db0818ad7ed77adc44873f80a13e823e6854/entities/,TSB041,0e2ba699fde4fb07321c55cfb014e7fde8eb561f,False,0,0,,,,
Retrofit for the Future (data caution),637fe13082db335ee40be0a144bfb5dd61bbe171,"Maple Avenue, South Chingford - Ascham Homes: low carbon refurnishment of typical London 1960's street property",99d0cd4ec62f93aecb78fd41680cb4d92072581a,http://www.getembed.com/4/projects/99d0cd4ec62f93aecb78fd41680cb4d92072581a/entities/,TSB123,1eb82f9a0f9d239dccc95b4b6952b2f99fe8db1a,False,0,0,,,,
Retrofit for the Future (data caution),637fe13082db335ee40be0a144bfb5dd61bbe171,"Maple Avenue, South Chingford - Ascham Homes: low carbon refurnishment of typical London 1960's street property",99d0cd4ec62f93aecb78fd41680cb4d92072581a,http://www.getembed.com/4/projects/99d0cd4ec62f93aecb78fd41680cb4d92072581a/entities/,TSB039,90ceb1d2d068d08c2fbb58f34879df8b6994a2b8,False,0,0,,,,
Retrofit for the Future (data caution),637fe13082db335ee40be0a144bfb5dd61bbe171,Walker Garden Suburb,005018168fa6c55f508186605a85aed887762738,http://www.getembed.com/4/projects/005018168fa6c55f508186605a85aed887762738/entities/,TSB094,2a5807439b5fd4efa069b785aac08a066f71e2e4,False,0,0,,,,
Retrofit for the Future (data caution),637fe13082db335ee40be0a144bfb5dd61bbe171,Decent Homes versus PassivHaus 2,7608e6ae624827cfc2fabc02755c1808d80c032b,http://www.getembed.com/4/projects/7608e6ae624827cfc2fabc02755c1808d80c032b/entities/,TSB070,b4304e8d9ed1f78313d9800d9cbc4e8ee4a66127,True,0,0,8.93,,60.98,
Retrofit for the Future (data caution),637fe13082db335ee40be0a144bfb5dd61bbe171,Decent Homes versus PassivHaus 2,7608e6ae624827cfc2fabc02755c1808d80c032b,http://www.getembed.com/4/projects/7608e6ae624827cfc2fabc02755c1808d80c032b/entities/,TSB071,de27086113463079708aeabdee2528b7969ebf16,False,0,0,,,,
Retrofit for the Future (data caution),637fe13082db335ee40be0a144bfb5dd61bbe171,"L&Q Group, London",f99d9c42e56204daeabe460c5c6ebccab79b538b,http://www.getembed.com/4/projects/f99d9c42e56204daeabe460c5c6ebccab79b538b/entities/,TSB066,75fadc23060f175f3f61d2e242818d51e343c985,False,0,0,,,,
Retrofit for the Future (data caution),637fe13082db335ee40be0a144bfb5dd61bbe171,"Retrofitting a post Decent Homes Standard, timber frame property",4f2f242a61c973427b9d1cde5a126a6fded87fb7,http://www.getembed.com/4/projects/4f2f242a61c973427b9d1cde5a126a6fded87fb7/entities/,TSB091,2a09073f7cbc3a0a929fc3966ef9b34119bfd35c,False,0,0,,,,
Retrofit for the Future (data caution),637fe13082db335ee40be0a144bfb5dd61bbe171,"A2Dominion- Pinner Road, North Harrow",0d4daaad8acb6956b0adb0a3c129d34ac1158d05,http://www.getembed.com/4/projects/0d4daaad8acb6956b0adb0a3c129d34ac1158d05/entities/,TSB049,fd47bf9d0a3932d4a3aa9d9dd462a537a4f7d9a5,False,0,0,,,,
Retrofit for the Future (data caution),637fe13082db335ee40be0a144bfb5dd61bbe171,"A2Dominion- Pinner Road, North Harrow",0d4daaad8acb6956b0adb0a3c129d34ac1158d05,http://www.getembed.com/4/projects/0d4daaad8acb6956b0adb0a3c129d34ac1158d05/entities/,TSB048,67b4e1d408ec9ecda143c4bf87186504034020f5,False,0,0,,,,
Retrofit for the Future (data caution),637fe13082db335ee40be0a144bfb5dd61bbe171,Eco-retrofit Brierfield,baf144bd86e751d7827c08cfc0a80cb2b280fa5e,http://www.getembed.com/4/projects/baf144bd86e751d7827c08cfc0a80cb2b280fa5e/entities/,TSB122,82c8b862ef9943e09d3feb3f8c6aa851e232a652,True,0,0,,,,
Retrofit for the Future (data caution),637fe13082db335ee40be0a144bfb5dd61bbe171,Gentoo Retrofit Bid 2: Raeburn Road,064b23ebea2b369483ec7075e14287c430dd25fd,http://www.getembed.com/4/projects/064b23ebea2b369483ec7075e14287c430dd25fd/entities/,TSB079,dbe2d52b2ba73bcfd3a9736f7f0e71684959b410,True,1,1,19.95,13.55,14.8688,
Retrofit for the Future (data caution),637fe13082db335ee40be0a144bfb5dd61bbe171,Gentoo Retrofit Bid 2: Raeburn Road,064b23ebea2b369483ec7075e14287c430dd25fd,http://www.getembed.com/4/projects/064b23ebea2b369483ec7075e14287c430dd25fd/entities/,TSB080,b8fd3e2e34823f1ca11b44f384490bdb2a28dea9,True,1,1,19.95,13.55,14.8688,
Retrofit for the Future (data caution),637fe13082db335ee40be0a144bfb5dd61bbe171,Project Cottesmore,d163dc1e342c221b4481c7f732ab257fbfd5d586,http://www.getembed.com/4/projects/d163dc1e342c221b4481c7f732ab257fbfd5d586/entities/,TSB057,90a3931ce97b2a0156c3a4c52c93e0e8970348c2,False,0,0,,,,
Retrofit for the Future (data caution),637fe13082db335ee40be0a144bfb5dd61bbe171,"rotherham 2010: wath road, brampton 2",c15b4f59366180d61586efc523d427fd8e2ad23e,http://www.getembed.com/4/projects/c15b4f59366180d61586efc523d427fd8e2ad23e/entities/,TSB016,51921659ca472e9439d6373d4ab586e5db3d3fc4,False,0,0,,,,
Retrofit for the Future (data caution),637fe13082db335ee40be0a144bfb5dd61bbe171,"rotherham 2010: wath road, brampton 2",c15b4f59366180d61586efc523d427fd8e2ad23e,http://www.getembed.com/4/projects/c15b4f59366180d61586efc523d427fd8e2ad23e/entities/,TSB012,ad068cd194c3f98c4fc0d655abe1d618aa1bae85,True,0,0,,37.31,223.05,
Retrofit for the Future (data caution),637fe13082db335ee40be0a144bfb5dd61bbe171,"rotherham 2010: wath road, brampton 2",c15b4f59366180d61586efc523d427fd8e2ad23e,http://www.getembed.com/4/projects/c15b4f59366180d61586efc523d427fd8e2ad23e/entities/,TSB015,9944ce154fe24d7d7d57d5db65fb760bc067892a,True,0,0,,27.8,223.05,
Retrofit for the Future (data caution),637fe13082db335ee40be0a144bfb5dd61bbe171,Gentoo Retrofit 1: Coach Rd,2d6745442de357ccd5b03a8a4c7c9396178a2239,http://www.getembed.com/4/projects/2d6745442de357ccd5b03a8a4c7c9396178a2239/entities/,TSB078,ad433bba2d3e2191886659619da3d82f92acb57f,True,1,1,21.32,14.46,90.0,
Retrofit for the Future (data caution),637fe13082db335ee40be0a144bfb5dd61bbe171,Gentoo Retrofit 1: Coach Rd,2d6745442de357ccd5b03a8a4c7c9396178a2239,http://www.getembed.com/4/projects/2d6745442de357ccd5b03a8a4c7c9396178a2239/entities/,TSB077,f328f76ced17749ef202835cfaf6934ca2b05293,True,1,1,21.32,14.46,90.1,
Retrofit for the Future (data caution),637fe13082db335ee40be0a144bfb5dd61bbe171,Tackling low carbon retrofit of larger terraced housing in Conservation Areas,44fb0831b786f394c17c50f6077ebb1dcceaafcd,http://www.getembed.com/4/projects/44fb0831b786f394c17c50f6077ebb1dcceaafcd/entities/,TSB125,4833581d06e5e16cd3524ad4feb7b6644e0edf40,False,0,0,,,,
Retrofit for the Future (data caution),637fe13082db335ee40be0a144bfb5dd61bbe171,Tackling low carbon retrofit of larger terraced housing in Conservation Areas,44fb0831b786f394c17c50f6077ebb1dcceaafcd,http://www.getembed.com/4/projects/44fb0831b786f394c17c50f6077ebb1dcceaafcd/entities/,TSB111,693232b4686984d7f785c68fad00bec8a20af477,False,0,0,,,,
Retrofit for the Future (data caution),637fe13082db335ee40be0a144bfb5dd61bbe171,Development of an integrated Ground / Air / Solar Heat Pump for plug in retrofit,554de819202f3311cf1d02b576343c37b0976e42,http://www.getembed.com/4/projects/554de819202f3311cf1d02b576343c37b0976e42/entities/,TSB064,21ecce0ea43fafc3d4f09b5e1f047bdf5ef35fc9,True,1,1,39.3,16.87,109.9,
Retrofit for the Future (data caution),637fe13082db335ee40be0a144bfb5dd61bbe171,Eco-retrofit Orpington - a multiple house solution,66a3cf31fb7f249e50f04fdddb5f7de26da623d0,http://www.getembed.com/4/projects/66a3cf31fb7f249e50f04fdddb5f7de26da623d0/entities/,TSB076,9127a840d0c13c8ef5dbf59883fb65c772d33266,False,0,0,,,,
Retrofit for the Future (data caution),637fe13082db335ee40be0a144bfb5dd61bbe171,SNW Home retrofit - Crawley Homes,473495e279c4665efd92d65382e4b63c519438bd,http://www.getembed.com/4/projects/473495e279c4665efd92d65382e4b63c519438bd/entities/,TSB042,a4a263ca5af4e353d84e34a7616dfbbda97628dc,True,0,0,130.0,,420.0,
Retrofit for the Future (data caution),637fe13082db335ee40be0a144bfb5dd61bbe171,"ReHab-Retrofitting behaviours, technologies and processes to tackle our domestic Carbon addiction",3fd6ceebcc9f0da88e6ed57b37f4cfd08e1e9c1b,http://www.getembed.com/4/projects/3fd6ceebcc9f0da88e6ed57b37f4cfd08e1e9c1b/entities/,TSB098,0b8d9caa89e60b805be6f4ee434e98b64f66a2a1,False,0,0,,,,
Retrofit for the Future (data caution),637fe13082db335ee40be0a144bfb5dd61bbe171,Refurbishment of Social Housing Stock,9dc335cae5d98ea27a33e5f87d3f66aed949420e,http://www.getembed.com/4/projects/9dc335cae5d98ea27a33e5f87d3f66aed949420e/entities/,TSB005,928b8d11f58105426c2c999cb66210fbcedf68d0,False,0,0,,,,
Retrofit for the Future (data caution),637fe13082db335ee40be0a144bfb5dd61bbe171,Refurbishment of Social Housing Stock,9dc335cae5d98ea27a33e5f87d3f66aed949420e,http://www.getembed.com/4/projects/9dc335cae5d98ea27a33e5f87d3f66aed949420e/entities/,TSB006,4eb671c4d7f21bc3b09e2fa30b1e54c3f0bf1eaf,False,0,0,,,,
Retrofit for the Future (data caution),637fe13082db335ee40be0a144bfb5dd61bbe171,bringing wates homes into the future 2,3317306e95ac07e0838d7c275d8ccb6a0360007b,http://www.getembed.com/4/projects/3317306e95ac07e0838d7c275d8ccb6a0360007b/entities/,TSB011,1aaf14180fe8f9f604ab29fd5ddfe7f6ab9c7d04,False,0,0,,,,
Retrofit for the Future (data caution),637fe13082db335ee40be0a144bfb5dd61bbe171,Demonstration of low carbon refurbishment of off-gas homes using Sunergy solar energy system integrated with a prototype heat engine ,719e0574ab7422bdc8f57aca0cd41f69df83ffa9,http://www.getembed.com/4/projects/719e0574ab7422bdc8f57aca0cd41f69df83ffa9/entities/,TSB089,05eccb4d01c836a2d905d839a5b3628c75d6e3ba,False,0,0,,,,
Retrofit for the Future (data caution),637fe13082db335ee40be0a144bfb5dd61bbe171,Hard to heat homes,cb6504dc39e09b86500337a2de83edd2adba2c38,http://www.getembed.com/4/projects/cb6504dc39e09b86500337a2de83edd2adba2c38/entities/,TSB112,8945a03d5c3a8b37fc432c53569eb3bfcdd24aa8,False,0,0,,,,
Building Performance Evaluation,bfb6e716f87d4f1a333fd37d5c3679b2b4b6d87f,Scotland's Design Expo,003f8085a4464cf3feb43ec0ae9d8ce155399053,http://www.getembed.com/4/projects/003f8085a4464cf3feb43ec0ae9d8ce155399053/entities/,Weather data,d52942fd-bda2-4ecc-98b6-5b6a948f907a,False,0,0,,,,
Building Performance Evaluation,bfb6e716f87d4f1a333fd37d5c3679b2b4b6d87f,Scotland's Design Expo,003f8085a4464cf3feb43ec0ae9d8ce155399053,http://www.getembed.com/4/projects/003f8085a4464cf3feb43ec0ae9d8ce155399053/entities/,Communal gas boiler,28e0563d-5515-4534-a5cc-db973ea66179,False,0,0,,,,
Building Performance Evaluation,bfb6e716f87d4f1a333fd37d5c3679b2b4b6d87f,Scotland's Design Expo,003f8085a4464cf3feb43ec0ae9d8ce155399053,http://www.getembed.com/4/projects/003f8085a4464cf3feb43ec0ae9d8ce155399053/entities/,A2 - Plot 3,43574507-fea9-468b-8f05-9347c443526d,True,0,0,5159,20.83,127.41,As designed
Building Performance Evaluation,bfb6e716f87d4f1a333fd37d5c3679b2b4b6d87f,Scotland's Design Expo,003f8085a4464cf3feb43ec0ae9d8ce155399053,http://www.getembed.com/4/projects/003f8085a4464cf3feb43ec0ae9d8ce155399053/entities/,D2 - Plot 8,78742532-631d-4aab-8727-df04a549b889,True,0,0,1676,4.78,98.7,As designed
Building Performance Evaluation,bfb6e716f87d4f1a333fd37d5c3679b2b4b6d87f,Scotland's Design Expo,003f8085a4464cf3feb43ec0ae9d8ce155399053,http://www.getembed.com/4/projects/003f8085a4464cf3feb43ec0ae9d8ce155399053/entities/,D1 - Plot 8,b9b19789-e0fe-48e8-8db8-27d281714769,True,0,0,1676,4.78,98.7,As designed
Building Performance Evaluation,bfb6e716f87d4f1a333fd37d5c3679b2b4b6d87f,Scotland's Design Expo,003f8085a4464cf3feb43ec0ae9d8ce155399053,http://www.getembed.com/4/projects/003f8085a4464cf3feb43ec0ae9d8ce155399053/entities/,C1 - Plot 4.3,7f0527e9-16c7-48fd-90c1-3310afcb42e5,True,0,0,2056,31.96,216.54,As built
Building Performance Evaluation,bfb6e716f87d4f1a333fd37d5c3679b2b4b6d87f,Scotland's Design Expo,003f8085a4464cf3feb43ec0ae9d8ce155399053,http://www.getembed.com/4/projects/003f8085a4464cf3feb43ec0ae9d8ce155399053/entities/,A1 - Plot 3,5c230d38-7713-4a0b-abcc-db77661396c1,True,0,0,6155.52,21.75,132.97,As designed
Building Performance Evaluation,bfb6e716f87d4f1a333fd37d5c3679b2b4b6d87f,Scotland's Design Expo,003f8085a4464cf3feb43ec0ae9d8ce155399053,http://www.getembed.com/4/projects/003f8085a4464cf3feb43ec0ae9d8ce155399053/entities/,B2 - Plot 4.2,9c6ec875-448d-4a9e-86ba-0638f26fc596,True,0,0,4037,20.19,117,As built
Building Performance Evaluation,bfb6e716f87d4f1a333fd37d5c3679b2b4b6d87f,Scotland's Design Expo,003f8085a4464cf3feb43ec0ae9d8ce155399053,http://www.getembed.com/4/projects/003f8085a4464cf3feb43ec0ae9d8ce155399053/entities/,B1 - Plot 4.2,f726b558-68b6-480e-909a-499ff39f0598,True,0,0,3931,19.94,116,As built
Building Performance Evaluation,bfb6e716f87d4f1a333fd37d5c3679b2b4b6d87f,Scotland's Design Expo,003f8085a4464cf3feb43ec0ae9d8ce155399053,http://www.getembed.com/4/projects/003f8085a4464cf3feb43ec0ae9d8ce155399053/entities/,C2 - Plot 4.3,65a0171b-9a9b-4037-837a-9badac1ea59e,True,0,0,4778,25.82,175.84,As built
Building Performance Evaluation,bfb6e716f87d4f1a333fd37d5c3679b2b4b6d87f,Scotland's Design Expo,003f8085a4464cf3feb43ec0ae9d8ce155399053,http://www.getembed.com/4/projects/003f8085a4464cf3feb43ec0ae9d8ce155399053/entities/,Fiscal Meter - All dwellings,a42eb6e3-6d9f-4f5d-aa36-ddb76b4095c0,False,0,0,,,,
Building Performance Evaluation,bfb6e716f87d4f1a333fd37d5c3679b2b4b6d87f,Derwenthorpe,bc879a61765cabdf4c5a588ca074b65abb00d785,http://www.getembed.com/4/projects/bc879a61765cabdf4c5a588ca074b65abb00d785/entities/,Plot 1,6fc87d88-95b5-44bc-892f-b4de9bc1885d,False,0,0,,,,
Building Performance Evaluation,bfb6e716f87d4f1a333fd37d5c3679b2b4b6d87f,In-use and Post Occupancy Evaluation in Low Carbon Apartments,a5d46fd91971308faef99e92f2c80da79f4508dd,http://www.getembed.com/4/projects/a5d46fd91971308faef99e92f2c80da79f4508dd/entities/,Flat A,c1ab3c7f-8d47-4089-bd2a-b45646f12c9b,True,0,0,2633,16.94,,As designed
Building Performance Evaluation,bfb6e716f87d4f1a333fd37d5c3679b2b4b6d87f,In-use and Post Occupancy Evaluation in Low Carbon Apartments,a5d46fd91971308faef99e92f2c80da79f4508dd,http://www.getembed.com/4/projects/a5d46fd91971308faef99e92f2c80da79f4508dd/entities/,Flat B,20097a04-84eb-439b-89c2-fd2a2e2b7632,True,0,0,1941,17.01,,As designed
Building Performance Evaluation,bfb6e716f87d4f1a333fd37d5c3679b2b4b6d87f,In-use and Post Occupancy Evaluation in Low Carbon Apartments,a5d46fd91971308faef99e92f2c80da79f4508dd,http://www.getembed.com/4/projects/a5d46fd91971308faef99e92f2c80da79f4508dd/entities/,PlantRoom,282b9497-d8fb-49af-982a-b444d4097d78,False,0,0,,,,
Building Performance Evaluation,bfb6e716f87d4f1a333fd37d5c3679b2b4b6d87f,Monitoring of the re-development of a Guinness Partnership estate near Rotherham,d1aa67e09481edcbe97168898e0f35ab0a1bed6d,http://www.getembed.com/4/projects/d1aa67e09481edcbe97168898e0f35ab0a1bed6d/entities/,Property 3A,1d3f8fbcd69bdc40aa6f8b0df1323b44100d99c3,True,0,0,2807.94,16.07,Not specified,As built
Building Performance Evaluation,bfb6e716f87d4f1a333fd37d5c3679b2b4b6d87f,Monitoring of the re-development of a Guinness Partnership estate near Rotherham,d1aa67e09481edcbe97168898e0f35ab0a1bed6d,http://www.getembed.com/4/projects/d1aa67e09481edcbe97168898e0f35ab0a1bed6d/entities/,Property 5B,3db570e2bc30b07c1e11247c1d6deaf52151fdc6,False,0,0,,,,
Building Performance Evaluation,bfb6e716f87d4f1a333fd37d5c3679b2b4b6d87f,Monitoring of the re-development of a Guinness Partnership estate near Rotherham,d1aa67e09481edcbe97168898e0f35ab0a1bed6d,http://www.getembed.com/4/projects/d1aa67e09481edcbe97168898e0f35ab0a1bed6d/entities/,Property 5A,ac72c1391a5da81b6ae29c2f6eea572685151088,True,1,1,2012.29,-0.35,Not specified,As designed
Building Performance Evaluation,bfb6e716f87d4f1a333fd37d5c3679b2b4b6d87f,Monitoring of the re-development of a Guinness Partnership estate near Rotherham,d1aa67e09481edcbe97168898e0f35ab0a1bed6d,http://www.getembed.com/4/projects/d1aa67e09481edcbe97168898e0f35ab0a1bed6d/entities/,Property 3B,d6bc74c6c7d40fbcb3bf729de2ab41bd834a1c94,True,0,0,2807.94,16.07,Not specified,As built
Building Performance Evaluation,bfb6e716f87d4f1a333fd37d5c3679b2b4b6d87f,Oaklee Homes Group Passive House,99ec20944c13709a9b7faebbba87fdcfa3f30e55,http://www.getembed.com/4/projects/99ec20944c13709a9b7faebbba87fdcfa3f30e55/entities/,House 2,2fda5e554c56225bdb16882b234ae786c2bf83e1,False,0,0,,,,
Building Performance Evaluation,bfb6e716f87d4f1a333fd37d5c3679b2b4b6d87f,Oaklee Homes Group Passive House,99ec20944c13709a9b7faebbba87fdcfa3f30e55,http://www.getembed.com/4/projects/99ec20944c13709a9b7faebbba87fdcfa3f30e55/entities/,House 1,1df709a562f6ae894f54d552eda6f822bbf1b92b,False,0,0,,,,
Building Performance Evaluation,bfb6e716f87d4f1a333fd37d5c3679b2b4b6d87f,Dormont Park PassivHaus Project,f1fe27d77b272a9ef968157c877271a271f1fc56,http://www.getembed.com/4/projects/f1fe27d77b272a9ef968157c877271a271f1fc56/entities/,Birch,2d7947615bde4fda1d70d77dd45f1d5d4463bef9,False,0,0,,,,
Building Performance Evaluation,bfb6e716f87d4f1a333fd37d5c3679b2b4b6d87f,Dormont Park PassivHaus Project,f1fe27d77b272a9ef968157c877271a271f1fc56,http://www.getembed.com/4/projects/f1fe27d77b272a9ef968157c877271a271f1fc56/entities/,Oak,4601b60f79a41b3b0faf1cbdb30f94102ee3db7b,False,0,0,,,,
Building Performance Evaluation,bfb6e716f87d4f1a333fd37d5c3679b2b4b6d87f,Dormont Park PassivHaus Project,f1fe27d77b272a9ef968157c877271a271f1fc56,http://www.getembed.com/4/projects/f1fe27d77b272a9ef968157c877271a271f1fc56/entities/,Hazel,6001b5989d5e865b2222e85d505d134e21360347,False,0,0,,,,
Building Performance Evaluation,bfb6e716f87d4f1a333fd37d5c3679b2b4b6d87f,Dormont Park PassivHaus Project,f1fe27d77b272a9ef968157c877271a271f1fc56,http://www.getembed.com/4/projects/f1fe27d77b272a9ef968157c877271a271f1fc56/entities/,Cherry,3fafaf098435b4b21d8a6eb868b9121a695bb9db,False,0,0,,,,
Building Performance Evaluation,bfb6e716f87d4f1a333fd37d5c3679b2b4b6d87f,In Use and POE of High Density Apartments,ab55b07de10b3541a11070ba36c2a3343d649e22,http://www.getembed.com/4/projects/ab55b07de10b3541a11070ba36c2a3343d649e22/entities/,BPE1156,1bfde63b6d538fd4383a47c83fad56272338364a,True,1,1,44.57,26.83,178.03,
Building Performance Evaluation,bfb6e716f87d4f1a333fd37d5c3679b2b4b6d87f,In Use and POE of High Density Apartments,ab55b07de10b3541a11070ba36c2a3343d649e22,http://www.getembed.com/4/projects/ab55b07de10b3541a11070ba36c2a3343d649e22/entities/,BPE1155,3025076f3e268ac7c1bf5744c435e87d3bc7d36f,True,1,1,7.4,24.15,118.42,
Building Performance Evaluation,bfb6e716f87d4f1a333fd37d5c3679b2b4b6d87f,Tigh-Na-Cladach affordable housing: 1 Passivhaus home & 2 low-energy homes,10ee6a401f9a85dd48919ae80ced891c4df21d4a,http://www.getembed.com/4/projects/10ee6a401f9a85dd48919ae80ced891c4df21d4a/entities/,Plot TA2,4b37b032-a8dc-4e98-b31f-6f8429b276c3,True,0,0,4508,Under the Scottish Regulations DEC�s are not required and therefore as built SAP assessment is not undertaken,196.8,As built
Building Performance Evaluation,bfb6e716f87d4f1a333fd37d5c3679b2b4b6d87f,Tigh-Na-Cladach affordable housing: 1 Passivhaus home & 2 low-energy homes,10ee6a401f9a85dd48919ae80ced891c4df21d4a,http://www.getembed.com/4/projects/10ee6a401f9a85dd48919ae80ced891c4df21d4a/entities/,Plot TB1,0aeaae34-475e-4ee4-95d5-fae05169ea93,True,0,0,1133,Not used - default appraoch,111.27,As designed
Building Performance Evaluation,bfb6e716f87d4f1a333fd37d5c3679b2b4b6d87f,Tigh-Na-Cladach affordable housing: 1 Passivhaus home & 2 low-energy homes,10ee6a401f9a85dd48919ae80ced891c4df21d4a,http://www.getembed.com/4/projects/10ee6a401f9a85dd48919ae80ced891c4df21d4a/entities/,Plot TA1,62fceb58-5292-43c9-a925-64bae550898f,True,0,0,4508,Under the Scottish Regulations DEC�s are not required and therefore as built SAP assessment is not undertaken,196.8,As built
Building Performance Evaluation,bfb6e716f87d4f1a333fd37d5c3679b2b4b6d87f,Performance Evaluation of Highfield ultra-low carbon home,39ed9e694786add5251d99eff3115c2d55c28209,http://www.getembed.com/4/projects/39ed9e694786add5251d99eff3115c2d55c28209/entities/,450094,cb6ff169ca7f455f59594b923584dc2c54095f69,False,0,0,,,,
Building Performance Evaluation,bfb6e716f87d4f1a333fd37d5c3679b2b4b6d87f,Bloom Court,afa297d409fa7e7c0d902b4ea11a970c25a9e29c,http://www.getembed.com/4/projects/afa297d409fa7e7c0d902b4ea11a970c25a9e29c/entities/,Unit 2,d0e777ad-ff33-4912-a82d-e1986aa48cdb,False,0,0,,,,
Building Performance Evaluation,bfb6e716f87d4f1a333fd37d5c3679b2b4b6d87f,Bloom Court,afa297d409fa7e7c0d902b4ea11a970c25a9e29c,http://www.getembed.com/4/projects/afa297d409fa7e7c0d902b4ea11a970c25a9e29c/entities/,Unit 1,d9bea476-b8c4-4cea-8717-aea84670242d,False,0,0,,,,
Building Performance Evaluation,bfb6e716f87d4f1a333fd37d5c3679b2b4b6d87f,Knights Place Passivhaus Housing for Exeter City Council,5c01b1a46cee8c5295436fe6ee396e9905e05c7d,http://www.getembed.com/4/projects/5c01b1a46cee8c5295436fe6ee396e9905e05c7d/entities/,BPE027_BI78 (Knight's Place Flat 18),f1a66f6adb6b788b35183c67e326d5637364059c,False,0,0,,,,
Building Performance Evaluation,bfb6e716f87d4f1a333fd37d5c3679b2b4b6d87f,Knights Place Passivhaus Housing for Exeter City Council,5c01b1a46cee8c5295436fe6ee396e9905e05c7d,http://www.getembed.com/4/projects/5c01b1a46cee8c5295436fe6ee396e9905e05c7d/entities/,BPE028_BI78 (Knight's Place Flat 14),58d86b88239b09faa48c26e9caf269e4f5199561,False,0,0,,,,
Building Performance Evaluation,bfb6e716f87d4f1a333fd37d5c3679b2b4b6d87f,Knights Place Passivhaus Housing for Exeter City Council,5c01b1a46cee8c5295436fe6ee396e9905e05c7d,http://www.getembed.com/4/projects/5c01b1a46cee8c5295436fe6ee396e9905e05c7d/entities/,BPE026_BI78 (Knight's Place Flat 15),4ddb244e4e82305fd2e75cb73f588c509c1dea8b,False,0,0,,,,
Building Performance Evaluation,bfb6e716f87d4f1a333fd37d5c3679b2b4b6d87f,Sinclair Meadows Carbon Negative Community Village,35ded735e631e9332ada322369d8c98abb111fed,http://www.getembed.com/4/projects/35ded735e631e9332ada322369d8c98abb111fed/entities/,450099a,da0158b39a68c545da7a18da5c2628001a504544,True,1,0,6.44,-16.67,-31.97,
Building Performance Evaluation,bfb6e716f87d4f1a333fd37d5c3679b2b4b6d87f,Sinclair Meadows Carbon Negative Community Village,35ded735e631e9332ada322369d8c98abb111fed,http://www.getembed.com/4/projects/35ded735e631e9332ada322369d8c98abb111fed/entities/,,9084d574c02743d4473259340db8cfa01301cef5,False,0,0,,,,
Building Performance Evaluation,bfb6e716f87d4f1a333fd37d5c3679b2b4b6d87f,"PassivHaus Bungalow Development, Racecourse Estate, Houghton-le-Spring",ce759804b93f716af28f4ca97bcc083d1da6d255,http://www.getembed.com/4/projects/ce759804b93f716af28f4ca97bcc083d1da6d255/entities/,Dwelling 7,9ff08736-70ef-4bda-adc4-d82b4f4f1d18,True,0,0,,13.78,77.11,As built
Building Performance Evaluation,bfb6e716f87d4f1a333fd37d5c3679b2b4b6d87f,"PassivHaus Bungalow Development, Racecourse Estate, Houghton-le-Spring",ce759804b93f716af28f4ca97bcc083d1da6d255,http://www.getembed.com/4/projects/ce759804b93f716af28f4ca97bcc083d1da6d255/entities/,Dwelling 5,62c1894c-3a18-4557-9882-b197714881a8,True,0,0,,13.28,74,As designed
Building Performance Evaluation,bfb6e716f87d4f1a333fd37d5c3679b2b4b6d87f,"PassivHaus Bungalow Development, Racecourse Estate, Houghton-le-Spring",ce759804b93f716af28f4ca97bcc083d1da6d255,http://www.getembed.com/4/projects/ce759804b93f716af28f4ca97bcc083d1da6d255/entities/,Dwelling 2,eba10227-17f8-41ef-b851-ff6ad9130ad6,True,0,0,,12.24,67.57,As built
Building Performance Evaluation,bfb6e716f87d4f1a333fd37d5c3679b2b4b6d87f,"PassivHaus Bungalow Development, Racecourse Estate, Houghton-le-Spring",ce759804b93f716af28f4ca97bcc083d1da6d255,http://www.getembed.com/4/projects/ce759804b93f716af28f4ca97bcc083d1da6d255/entities/,Dwelling 4,9af0a801-2ab1-484c-8cf1-511dbac33a10,True,0,0,,13.28,74,As designed
Building Performance Evaluation,bfb6e716f87d4f1a333fd37d5c3679b2b4b6d87f,"PassivHaus Bungalow Development, Racecourse Estate, Houghton-le-Spring",ce759804b93f716af28f4ca97bcc083d1da6d255,http://www.getembed.com/4/projects/ce759804b93f716af28f4ca97bcc083d1da6d255/entities/,Dwelling 6,81c13370-4e17-4e32-bf03-60f140ec4bb3,True,0,0,,13.28,74,As built
Building Performance Evaluation,bfb6e716f87d4f1a333fd37d5c3679b2b4b6d87f,"PassivHaus Bungalow Development, Racecourse Estate, Houghton-le-Spring",ce759804b93f716af28f4ca97bcc083d1da6d255,http://www.getembed.com/4/projects/ce759804b93f716af28f4ca97bcc083d1da6d255/entities/,Dwelling 3,2d78bdec-5d35-483e-b578-0e856d67dc39,True,0,0,,13.28,74,As built
Building Performance Evaluation,bfb6e716f87d4f1a333fd37d5c3679b2b4b6d87f,Aberfawr Terrace. Caerphilly,66a1ade5a7fecd82507b5eeaf83e16c5a1cf02fd,http://www.getembed.com/4/projects/66a1ade5a7fecd82507b5eeaf83e16c5a1cf02fd/entities/,TSB1215,5cb35364b2f212ffdd5d0384a551cbb489f16531,False,0,0,,,,
Building Performance Evaluation,bfb6e716f87d4f1a333fd37d5c3679b2b4b6d87f,Aberfawr Terrace. Caerphilly,66a1ade5a7fecd82507b5eeaf83e16c5a1cf02fd,http://www.getembed.com/4/projects/66a1ade5a7fecd82507b5eeaf83e16c5a1cf02fd/entities/,TSB1214,c419cdaa4551c738d73217ed3d25b40f66938793,False,0,0,,,,
Building Performance Evaluation,bfb6e716f87d4f1a333fd37d5c3679b2b4b6d87f,Aberfawr Terrace. Caerphilly,66a1ade5a7fecd82507b5eeaf83e16c5a1cf02fd,http://www.getembed.com/4/projects/66a1ade5a7fecd82507b5eeaf83e16c5a1cf02fd/entities/,TSB1216,de69e5988d9159227ba3b90bab52492cf4fd3ada,False,0,0,,,,
Building Performance Evaluation,bfb6e716f87d4f1a333fd37d5c3679b2b4b6d87f,Aberfawr Terrace. Caerphilly,66a1ade5a7fecd82507b5eeaf83e16c5a1cf02fd,http://www.getembed.com/4/projects/66a1ade5a7fecd82507b5eeaf83e16c5a1cf02fd/entities/,TSB1213,e7cf18577c4eb7a72cb0e80f2aaec97d91cccc4a,True,1,1,27.25,11.44,78.6879,
Building Performance Evaluation,bfb6e716f87d4f1a333fd37d5c3679b2b4b6d87f,Aberfawr Terrace. Caerphilly,66a1ade5a7fecd82507b5eeaf83e16c5a1cf02fd,http://www.getembed.com/4/projects/66a1ade5a7fecd82507b5eeaf83e16c5a1cf02fd/entities/,TSB1218,9f47852fa4b9adb41f97310a2238e9c4621f67b6,False,0,0,,,,
Building Performance Evaluation,bfb6e716f87d4f1a333fd37d5c3679b2b4b6d87f,Hastoe HA - 14 Passivhaus dwellings. Wimbish,74f029b14feeb835c80d84a5450ab6edc1657e86,http://www.getembed.com/4/projects/74f029b14feeb835c80d84a5450ab6edc1657e86/entities/,Property 6,1f33e67d-4c15-402a-bb0e-40f05a3ace07,False,0,0,,,,
Building Performance Evaluation,bfb6e716f87d4f1a333fd37d5c3679b2b4b6d87f,Hastoe HA - 14 Passivhaus dwellings. Wimbish,74f029b14feeb835c80d84a5450ab6edc1657e86,http://www.getembed.com/4/projects/74f029b14feeb835c80d84a5450ab6edc1657e86/entities/,Property 12,773d914e-cf75-415a-a3f3-ec745debc716,False,0,0,,,,
Building Performance Evaluation,bfb6e716f87d4f1a333fd37d5c3679b2b4b6d87f,Hastoe HA - 14 Passivhaus dwellings. Wimbish,74f029b14feeb835c80d84a5450ab6edc1657e86,http://www.getembed.com/4/projects/74f029b14feeb835c80d84a5450ab6edc1657e86/entities/,Property 2,caa32bb7-cef4-46a9-8a55-fecbde6956f9,False,0,0,,,,
Building Performance Evaluation,bfb6e716f87d4f1a333fd37d5c3679b2b4b6d87f,Hastoe HA - 14 Passivhaus dwellings. Wimbish,74f029b14feeb835c80d84a5450ab6edc1657e86,http://www.getembed.com/4/projects/74f029b14feeb835c80d84a5450ab6edc1657e86/entities/,External environmental conditions,d420dcc0-1cce-4b18-8561-e1a151b2f221,False,0,0,,,,
Building Performance Evaluation,bfb6e716f87d4f1a333fd37d5c3679b2b4b6d87f,Hastoe HA - 14 Passivhaus dwellings. Wimbish,74f029b14feeb835c80d84a5450ab6edc1657e86,http://www.getembed.com/4/projects/74f029b14feeb835c80d84a5450ab6edc1657e86/entities/,Property 7,e6da4c3f-b370-4a7a-b915-f5b5e6a91a3c,False,0,0,,,,
Building Performance Evaluation,bfb6e716f87d4f1a333fd37d5c3679b2b4b6d87f,Hastoe HA - 14 Passivhaus dwellings. Wimbish,74f029b14feeb835c80d84a5450ab6edc1657e86,http://www.getembed.com/4/projects/74f029b14feeb835c80d84a5450ab6edc1657e86/entities/,Property 14,57d5b6de-2045-4193-b1fe-924c064bbdca,False,0,0,,,,
Building Performance Evaluation,bfb6e716f87d4f1a333fd37d5c3679b2b4b6d87f,Hastoe HA - 14 Passivhaus dwellings. Wimbish,74f029b14feeb835c80d84a5450ab6edc1657e86,http://www.getembed.com/4/projects/74f029b14feeb835c80d84a5450ab6edc1657e86/entities/,Property 3,b43155a6-1b93-40eb-bc8f-f98b9592cc35,False,0,0,,,,
Building Performance Evaluation,bfb6e716f87d4f1a333fd37d5c3679b2b4b6d87f,Hastoe HA - 14 Passivhaus dwellings. Wimbish,74f029b14feeb835c80d84a5450ab6edc1657e86,http://www.getembed.com/4/projects/74f029b14feeb835c80d84a5450ab6edc1657e86/entities/,Property 5,3454dc98-f4a1-4d18-9198-422d0da23355,False,0,0,,,,
Building Performance Evaluation,bfb6e716f87d4f1a333fd37d5c3679b2b4b6d87f,Hastoe HA - 14 Passivhaus dwellings. Wimbish,74f029b14feeb835c80d84a5450ab6edc1657e86,http://www.getembed.com/4/projects/74f029b14feeb835c80d84a5450ab6edc1657e86/entities/,Property 9,c8356eac-f82e-4841-8110-eb8918840e16,False,0,0,,,,
Building Performance Evaluation,bfb6e716f87d4f1a333fd37d5c3679b2b4b6d87f,Hastoe HA - 14 Passivhaus dwellings. Wimbish,74f029b14feeb835c80d84a5450ab6edc1657e86,http://www.getembed.com/4/projects/74f029b14feeb835c80d84a5450ab6edc1657e86/entities/,Property 11,396db5da-5442-4fd4-8a7e-130e70555d3b,False,0,0,,,,
Building Performance Evaluation,bfb6e716f87d4f1a333fd37d5c3679b2b4b6d87f,Hastoe HA - 14 Passivhaus dwellings. Wimbish,74f029b14feeb835c80d84a5450ab6edc1657e86,http://www.getembed.com/4/projects/74f029b14feeb835c80d84a5450ab6edc1657e86/entities/,Property 4,477d7828-d41e-42a7-9635-e4224489581d,False,0,0,,,,
Building Performance Evaluation,bfb6e716f87d4f1a333fd37d5c3679b2b4b6d87f,Hastoe HA - 14 Passivhaus dwellings. Wimbish,74f029b14feeb835c80d84a5450ab6edc1657e86,http://www.getembed.com/4/projects/74f029b14feeb835c80d84a5450ab6edc1657e86/entities/,Property 13,45857c35-b35f-49b3-a80e-7f48a15ac3af,False,0,0,,,,
Building Performance Evaluation,bfb6e716f87d4f1a333fd37d5c3679b2b4b6d87f,Hastoe HA - 14 Passivhaus dwellings. Wimbish,74f029b14feeb835c80d84a5450ab6edc1657e86,http://www.getembed.com/4/projects/74f029b14feeb835c80d84a5450ab6edc1657e86/entities/,Property 10,4eb4cc58-f4ef-4f48-a39a-7ddcecb9ebc0,False,0,0,,,,
Building Performance Evaluation,bfb6e716f87d4f1a333fd37d5c3679b2b4b6d87f,Hastoe HA - 14 Passivhaus dwellings. Wimbish,74f029b14feeb835c80d84a5450ab6edc1657e86,http://www.getembed.com/4/projects/74f029b14feeb835c80d84a5450ab6edc1657e86/entities/,Property 8,513eb019-276c-4ad3-b3c9-62aaef8902f2,False,0,0,,,,
Building Performance Evaluation,bfb6e716f87d4f1a333fd37d5c3679b2b4b6d87f,Hastoe HA - 14 Passivhaus dwellings. Wimbish,74f029b14feeb835c80d84a5450ab6edc1657e86,http://www.getembed.com/4/projects/74f029b14feeb835c80d84a5450ab6edc1657e86/entities/,Property 1,6d9e30d8-ed74-49b7-bdf7-b5cdf145f5ea,False,0,0,,,,
Building Performance Evaluation,bfb6e716f87d4f1a333fd37d5c3679b2b4b6d87f,Seager Distillery Site Housing Development,abd2ca103c648becf14f655e462d8afa292a7375,http://www.getembed.com/4/projects/abd2ca103c648becf14f655e462d8afa292a7375/entities/,Plot 2,f26c6b50-e581-4f02-8ac8-9b22b4c6e74f,True,1,0,37.01,13.82,113.2,As built
Building Performance Evaluation,bfb6e716f87d4f1a333fd37d5c3679b2b4b6d87f,Seager Distillery Site Housing Development,abd2ca103c648becf14f655e462d8afa292a7375,http://www.getembed.com/4/projects/abd2ca103c648becf14f655e462d8afa292a7375/entities/,Plot 3,83a54d9e-7e35-49c3-a349-44845cc6a881,True,1,0,36.98,14.6,119.75,As built
Building Performance Evaluation,bfb6e716f87d4f1a333fd37d5c3679b2b4b6d87f,Seager Distillery Site Housing Development,abd2ca103c648becf14f655e462d8afa292a7375,http://www.getembed.com/4/projects/abd2ca103c648becf14f655e462d8afa292a7375/entities/,Plot 1,5c43d4b0-1d2a-456d-818f-0f48717274c9,True,1,0,14.98,12.77,102.49,As built
Building Performance Evaluation,bfb6e716f87d4f1a333fd37d5c3679b2b4b6d87f,Future Works,12ce7bbb5cceea4736e501bd0c0f27e190ffd754,http://www.getembed.com/4/projects/12ce7bbb5cceea4736e501bd0c0f27e190ffd754/entities/,External Raw Data Archive,f793e56b-16e5-4d96-b455-527fdf600842,False,0,0,,,,
Building Performance Evaluation,bfb6e716f87d4f1a333fd37d5c3679b2b4b6d87f,Future Works,12ce7bbb5cceea4736e501bd0c0f27e190ffd754,http://www.getembed.com/4/projects/12ce7bbb5cceea4736e501bd0c0f27e190ffd754/entities/,Plot 2,a9b617a4-1880-41c2-b5ad-f809b993f0fc,True,0,0,8.63,-0.15,15.21,As designed
Building Performance Evaluation,bfb6e716f87d4f1a333fd37d5c3679b2b4b6d87f,Future Works,12ce7bbb5cceea4736e501bd0c0f27e190ffd754,http://www.getembed.com/4/projects/12ce7bbb5cceea4736e501bd0c0f27e190ffd754/entities/,Plot 1,0392a02e-231f-40d6-9340-59b140b6ae89,False,0,0,,,,
Building Performance Evaluation,bfb6e716f87d4f1a333fd37d5c3679b2b4b6d87f,One Brighton - ongoing monitoring,32f344d2e8a4c8d567c9174996d6d9648f9b76f2,http://www.getembed.com/4/projects/32f344d2e8a4c8d567c9174996d6d9648f9b76f2/entities/,Dwelling C,8beb099380e765a6b77029a038dc72992c2547e1,False,0,0,,,,
Building Performance Evaluation,bfb6e716f87d4f1a333fd37d5c3679b2b4b6d87f,One Brighton - ongoing monitoring,32f344d2e8a4c8d567c9174996d6d9648f9b76f2,http://www.getembed.com/4/projects/32f344d2e8a4c8d567c9174996d6d9648f9b76f2/entities/,Dwelling D,b8eb3119ad740446c04b261093aed8719e82e7f7,False,0,0,,,,
Building Performance Evaluation,bfb6e716f87d4f1a333fd37d5c3679b2b4b6d87f,One Brighton - ongoing monitoring,32f344d2e8a4c8d567c9174996d6d9648f9b76f2,http://www.getembed.com/4/projects/32f344d2e8a4c8d567c9174996d6d9648f9b76f2/entities/,Dwelling F,e3ee2d7c10e78e21d792896d085c4f63892d376c,True,0,0,372.1,9.72,,As designed
Building Performance Evaluation,bfb6e716f87d4f1a333fd37d5c3679b2b4b6d87f,One Brighton - ongoing monitoring,32f344d2e8a4c8d567c9174996d6d9648f9b76f2,http://www.getembed.com/4/projects/32f344d2e8a4c8d567c9174996d6d9648f9b76f2/entities/,Dwelling Coheated,0f6c6781d360c898f1e16967ea7158cdec1ab863,True,0,0,919.3,9.41,,As built
Building Performance Evaluation,bfb6e716f87d4f1a333fd37d5c3679b2b4b6d87f,One Brighton - ongoing monitoring,32f344d2e8a4c8d567c9174996d6d9648f9b76f2,http://www.getembed.com/4/projects/32f344d2e8a4c8d567c9174996d6d9648f9b76f2/entities/,Dwelling A,df8d259dce700d4ca07e854a86d45b4c00250b90,True,0,0,,20.8,,As designed
Building Performance Evaluation,bfb6e716f87d4f1a333fd37d5c3679b2b4b6d87f,One Brighton - ongoing monitoring,32f344d2e8a4c8d567c9174996d6d9648f9b76f2,http://www.getembed.com/4/projects/32f344d2e8a4c8d567c9174996d6d9648f9b76f2/entities/,Dwelling B,0431f5c8f2b6f887a9a45105a3f27d154980262a,False,0,0,,,,
Building Performance Evaluation,bfb6e716f87d4f1a333fd37d5c3679b2b4b6d87f,"Community In A Cube apartment at Riverside One, Middlesbrough",b88bfb461b3fa5e5897015c412f2454a2514a123,http://www.getembed.com/4/projects/b88bfb461b3fa5e5897015c412f2454a2514a123/entities/,,8f7e789d3725e0425bd40107c77fdd86c03b678f,True,0,0,,16.15,133.56,
Building Performance Evaluation,bfb6e716f87d4f1a333fd37d5c3679b2b4b6d87f,Centenary Quay Post Occupancy Study,194f146edbb95f2cf7907d0ca4fc1e9474903c99,http://www.getembed.com/4/projects/194f146edbb95f2cf7907d0ca4fc1e9474903c99/entities/,Plot 120,2cd308755ae52fd27adacd75c4eb7b71de2e0a7d,True,0,0,28.86,10.76,70.35,As designed
Building Performance Evaluation,bfb6e716f87d4f1a333fd37d5c3679b2b4b6d87f,Centenary Quay Post Occupancy Study,194f146edbb95f2cf7907d0ca4fc1e9474903c99,http://www.getembed.com/4/projects/194f146edbb95f2cf7907d0ca4fc1e9474903c99/entities/,External conditions data,0de39cd6-ad46-4068-a3fb-db96f03ef3ed,False,0,0,,,,
Building Performance Evaluation,bfb6e716f87d4f1a333fd37d5c3679b2b4b6d87f,Centenary Quay Post Occupancy Study,194f146edbb95f2cf7907d0ca4fc1e9474903c99,http://www.getembed.com/4/projects/194f146edbb95f2cf7907d0ca4fc1e9474903c99/entities/,Plot 119,ed68e49b-3005-4bdf-b025-cd8760abdca9,True,0,0,28.85,10.76,70.34,As designed
Building Performance Evaluation,bfb6e716f87d4f1a333fd37d5c3679b2b4b6d87f,Centenary Quay Post Occupancy Study,194f146edbb95f2cf7907d0ca4fc1e9474903c99,http://www.getembed.com/4/projects/194f146edbb95f2cf7907d0ca4fc1e9474903c99/entities/,Plot 118,fce457d8-f397-4d66-b929-139032fbb1fd,True,0,0,28.86,10.71,70.24,As designed
Building Performance Evaluation,bfb6e716f87d4f1a333fd37d5c3679b2b4b6d87f,Rowner Renwal Fabric Energy Efficiency Standard flats. Phase 2,350865b5f8df914bba0cb754f28bec08d9150818,http://www.getembed.com/4/projects/350865b5f8df914bba0cb754f28bec08d9150818/entities/,Block C Flat 12,c19dd4acb0b76e5ff15fe98ee88a4d713681d9f9,False,0,0,,,,
Building Performance Evaluation,bfb6e716f87d4f1a333fd37d5c3679b2b4b6d87f,Rowner Renwal Fabric Energy Efficiency Standard flats. Phase 2,350865b5f8df914bba0cb754f28bec08d9150818,http://www.getembed.com/4/projects/350865b5f8df914bba0cb754f28bec08d9150818/entities/,Block C Flat 1,f3d4269f866e6e09877e36b17a169d4802d60f59,False,0,0,,,,
Building Performance Evaluation,bfb6e716f87d4f1a333fd37d5c3679b2b4b6d87f,Rowner Renwal Fabric Energy Efficiency Standard flats. Phase 2,350865b5f8df914bba0cb754f28bec08d9150818,http://www.getembed.com/4/projects/350865b5f8df914bba0cb754f28bec08d9150818/entities/,Block B Flat 7,56aa6e522add65b4f28835058ef585435f94ff17,False,0,0,,,,
Building Performance Evaluation,bfb6e716f87d4f1a333fd37d5c3679b2b4b6d87f,Rowner Renwal Fabric Energy Efficiency Standard flats. Phase 2,350865b5f8df914bba0cb754f28bec08d9150818,http://www.getembed.com/4/projects/350865b5f8df914bba0cb754f28bec08d9150818/entities/,Block B Flat 5,f952fdae7bd30d4bbc51f5cc4c7b8d0088422ae5,False,0,0,,,,
Building Performance Evaluation,bfb6e716f87d4f1a333fd37d5c3679b2b4b6d87f,Rowner Renwal Fabric Energy Efficiency Standard flats. Phase 2,350865b5f8df914bba0cb754f28bec08d9150818,http://www.getembed.com/4/projects/350865b5f8df914bba0cb754f28bec08d9150818/entities/,Block C Flat 8,84665562189c79aa354aa857249c152022949074,False,0,0,,,,
Building Performance Evaluation,bfb6e716f87d4f1a333fd37d5c3679b2b4b6d87f,Rowner Renwal Fabric Energy Efficiency Standard flats. Phase 2,350865b5f8df914bba0cb754f28bec08d9150818,http://www.getembed.com/4/projects/350865b5f8df914bba0cb754f28bec08d9150818/entities/,Block C Flat 10,33c63542befa2be37df3f6836e2360defe00ca71,False,0,0,,,,
Building Performance Evaluation,bfb6e716f87d4f1a333fd37d5c3679b2b4b6d87f,Rowner Renwal Fabric Energy Efficiency Standard flats. Phase 2,350865b5f8df914bba0cb754f28bec08d9150818,http://www.getembed.com/4/projects/350865b5f8df914bba0cb754f28bec08d9150818/entities/,Block C Flat 4,b870ce331498dfa8315131c200a8a689bdc63874,False,0,0,,,,
Building Performance Evaluation,bfb6e716f87d4f1a333fd37d5c3679b2b4b6d87f,Rowner Renwal Fabric Energy Efficiency Standard flats. Phase 2,350865b5f8df914bba0cb754f28bec08d9150818,http://www.getembed.com/4/projects/350865b5f8df914bba0cb754f28bec08d9150818/entities/,Block C Flat 5,da719147229258435d52d4ef3b54a356985d8924,False,0,0,,,,
Building Performance Evaluation,bfb6e716f87d4f1a333fd37d5c3679b2b4b6d87f,Rowner Renwal Fabric Energy Efficiency Standard flats. Phase 2,350865b5f8df914bba0cb754f28bec08d9150818,http://www.getembed.com/4/projects/350865b5f8df914bba0cb754f28bec08d9150818/entities/,Block B Flat 11,29e36c3ba5acaa799fda884896d9166764fffaf4,False,0,0,,,,
Building Performance Evaluation,bfb6e716f87d4f1a333fd37d5c3679b2b4b6d87f,Rowner Renwal Fabric Energy Efficiency Standard flats. Phase 2,350865b5f8df914bba0cb754f28bec08d9150818,http://www.getembed.com/4/projects/350865b5f8df914bba0cb754f28bec08d9150818/entities/,Block B Flat 10,7b4b923d2cad30c09c206694fa13ede1cc228c55,False,0,0,,,,
Building Performance Evaluation,bfb6e716f87d4f1a333fd37d5c3679b2b4b6d87f,Rowner Renwal Fabric Energy Efficiency Standard flats. Phase 2,350865b5f8df914bba0cb754f28bec08d9150818,http://www.getembed.com/4/projects/350865b5f8df914bba0cb754f28bec08d9150818/entities/,Block B Flat 9,bc587a10f6a4e204255c56e97fb52f68e05b2b52,False,0,0,,,,
Building Performance Evaluation,bfb6e716f87d4f1a333fd37d5c3679b2b4b6d87f,Rowner Renwal Fabric Energy Efficiency Standard flats. Phase 2,350865b5f8df914bba0cb754f28bec08d9150818,http://www.getembed.com/4/projects/350865b5f8df914bba0cb754f28bec08d9150818/entities/,Block C Flat 2,19a3b7c508e5f074625e0757c5fd021ba1e6dfa3,False,0,0,,,,
Building Performance Evaluation,bfb6e716f87d4f1a333fd37d5c3679b2b4b6d87f,Rowner Renwal Fabric Energy Efficiency Standard flats. Phase 2,350865b5f8df914bba0cb754f28bec08d9150818,http://www.getembed.com/4/projects/350865b5f8df914bba0cb754f28bec08d9150818/entities/,Block B Flat 6,8a95fe1f891a61ec4d55135bb689b48f554dd405,False,0,0,,,,
Building Performance Evaluation,bfb6e716f87d4f1a333fd37d5c3679b2b4b6d87f,Rowner Renwal Fabric Energy Efficiency Standard flats. Phase 2,350865b5f8df914bba0cb754f28bec08d9150818,http://www.getembed.com/4/projects/350865b5f8df914bba0cb754f28bec08d9150818/entities/,Block B Flat 8,723ba6e766a717d23d15adcfcd11da6329d79bf0,False,0,0,,,,
Building Performance Evaluation,bfb6e716f87d4f1a333fd37d5c3679b2b4b6d87f,Rowner Renwal Fabric Energy Efficiency Standard flats. Phase 2,350865b5f8df914bba0cb754f28bec08d9150818,http://www.getembed.com/4/projects/350865b5f8df914bba0cb754f28bec08d9150818/entities/,Block B Flat 12,0db15267df1355fe438ce463414edc08be0c1e99,False,0,0,,,,
Building Performance Evaluation,bfb6e716f87d4f1a333fd37d5c3679b2b4b6d87f,Rowner Renwal Fabric Energy Efficiency Standard flats. Phase 2,350865b5f8df914bba0cb754f28bec08d9150818,http://www.getembed.com/4/projects/350865b5f8df914bba0cb754f28bec08d9150818/entities/,Block B Flat 4,727dd74cb712cd5ba1cad9a3a1b2c6c4fa32d166,False,0,0,,,,
Building Performance Evaluation,bfb6e716f87d4f1a333fd37d5c3679b2b4b6d87f,Rowner Renwal Fabric Energy Efficiency Standard flats. Phase 2,350865b5f8df914bba0cb754f28bec08d9150818,http://www.getembed.com/4/projects/350865b5f8df914bba0cb754f28bec08d9150818/entities/,Block C Flat 11,24fbd8b97a21d88d62e235d1f69e21d1ed233a59,False,0,0,,,,
Building Performance Evaluation,bfb6e716f87d4f1a333fd37d5c3679b2b4b6d87f,Rowner Renwal Fabric Energy Efficiency Standard flats. Phase 2,350865b5f8df914bba0cb754f28bec08d9150818,http://www.getembed.com/4/projects/350865b5f8df914bba0cb754f28bec08d9150818/entities/,Block B Flat 2,048b7eb20d3d0f83a91caac445c01f584b3ddcd0,False,0,0,,,,
Building Performance Evaluation,bfb6e716f87d4f1a333fd37d5c3679b2b4b6d87f,Rowner Renwal Fabric Energy Efficiency Standard flats. Phase 2,350865b5f8df914bba0cb754f28bec08d9150818,http://www.getembed.com/4/projects/350865b5f8df914bba0cb754f28bec08d9150818/entities/,Block C Flat 3,ae2a60373a5592b2012118e388f986fede05df07,False,0,0,,,,
Building Performance Evaluation,bfb6e716f87d4f1a333fd37d5c3679b2b4b6d87f,Rowner Renwal Fabric Energy Efficiency Standard flats. Phase 2,350865b5f8df914bba0cb754f28bec08d9150818,http://www.getembed.com/4/projects/350865b5f8df914bba0cb754f28bec08d9150818/entities/,Block C Flat 9,c3014110e7423d01beea130e221a560c9cfc7c8e,False,0,0,,,,
Building Performance Evaluation,bfb6e716f87d4f1a333fd37d5c3679b2b4b6d87f,Rowner Renwal Fabric Energy Efficiency Standard flats. Phase 2,350865b5f8df914bba0cb754f28bec08d9150818,http://www.getembed.com/4/projects/350865b5f8df914bba0cb754f28bec08d9150818/entities/,Block C Flat 7,0f453bc3aff39570385afc7fd95050b0dbff6bb9,False,0,0,,,,
Building Performance Evaluation,bfb6e716f87d4f1a333fd37d5c3679b2b4b6d87f,Rowner Renwal Fabric Energy Efficiency Standard flats. Phase 2,350865b5f8df914bba0cb754f28bec08d9150818,http://www.getembed.com/4/projects/350865b5f8df914bba0cb754f28bec08d9150818/entities/,Block B Flat 1,99b0613a078c01ca27d0e10083e1ad315bcb3fc5,False,0,0,,,,
Building Performance Evaluation,bfb6e716f87d4f1a333fd37d5c3679b2b4b6d87f,Rowner Renwal Fabric Energy Efficiency Standard flats. Phase 2,350865b5f8df914bba0cb754f28bec08d9150818,http://www.getembed.com/4/projects/350865b5f8df914bba0cb754f28bec08d9150818/entities/,Block B Flat 3,396e5649a1e553ee3922669b762c98eafeea5e43,False,0,0,,,,
Building Performance Evaluation,bfb6e716f87d4f1a333fd37d5c3679b2b4b6d87f,Rowner Renwal Fabric Energy Efficiency Standard flats. Phase 2,350865b5f8df914bba0cb754f28bec08d9150818,http://www.getembed.com/4/projects/350865b5f8df914bba0cb754f28bec08d9150818/entities/,Block C Flat 6,0e9e4cde284484f6016a4fa71463155c8ca82050,False,0,0,,,,
Building Performance Evaluation,bfb6e716f87d4f1a333fd37d5c3679b2b4b6d87f,Camden Passivhaus,5f13ab15582b4e9161997831404ccf9756748dab,http://www.getembed.com/4/projects/5f13ab15582b4e9161997831404ccf9756748dab/entities/,BPE049,0d9726ba6c83c0fb07d945abd33bca2940734b27,True,1,1,13.0,12.76,99.0,
Building Performance Evaluation,bfb6e716f87d4f1a333fd37d5c3679b2b4b6d87f,"Lancaster Cohousing, Forgebank ",843b0e1e5b1844fb2583c6de111dd3d4cefbc5c1,http://www.getembed.com/4/projects/843b0e1e5b1844fb2583c6de111dd3d4cefbc5c1/entities/,Lancaster Cohousing,98a20f9a-0260-4fe1-9dc3-53a874787060,False,0,0,,,,
Building Performance Evaluation,bfb6e716f87d4f1a333fd37d5c3679b2b4b6d87f,A New Code 4 Approach - High Fabric Insulation with Simple Heating Service,db8f66d754a43f20f1d1c48c457c13dea88c1f64,http://www.getembed.com/4/projects/db8f66d754a43f20f1d1c48c457c13dea88c1f64/entities/,Plot 5,c2072adcfe779f83bc36902816c9a6ffb1808dee,False,0,0,,,,
Building Performance Evaluation,bfb6e716f87d4f1a333fd37d5c3679b2b4b6d87f,Plummerswood,408e05fc610af605977e207ce6bb1c166bc9f241,http://www.getembed.com/4/projects/408e05fc610af605977e207ce6bb1c166bc9f241/entities/,Plummerswood,a47be04f3e23c8cacce174fa581aa67a773dc982,False,0,0,,,,
Building Performance Evaluation,bfb6e716f87d4f1a333fd37d5c3679b2b4b6d87f,In-use BPE study of low energy houses at Pippin Close & Barnlea Close,5d3b5079fad5e96879da7ef841c624002eae999e,http://www.getembed.com/4/projects/5d3b5079fad5e96879da7ef841c624002eae999e/entities/,16 Barnlea Close,20523816-6f7c-45f8-bf25-bfe3d87a7b4f,False,0,0,,,,
Building Performance Evaluation,bfb6e716f87d4f1a333fd37d5c3679b2b4b6d87f,In-use BPE study of low energy houses at Pippin Close & Barnlea Close,5d3b5079fad5e96879da7ef841c624002eae999e,http://www.getembed.com/4/projects/5d3b5079fad5e96879da7ef841c624002eae999e/entities/,2 Pippin Close,1f4c7a21-4f03-4eba-bc80-19bfc36f3eea,False,0,0,,,,
Building Performance Evaluation,bfb6e716f87d4f1a333fd37d5c3679b2b4b6d87f,"Cross Lane Development, Royston, Barnsley",4af13de337d5bf7dbbfa010ef44c0e98d89c29ba,http://www.getembed.com/4/projects/4af13de337d5bf7dbbfa010ef44c0e98d89c29ba/entities/,Plot 5,0fe824d4-17ad-413f-9152-715c830fdb0c,True,1,0,48.19,6.05,28.26,As built
Building Performance Evaluation,bfb6e716f87d4f1a333fd37d5c3679b2b4b6d87f,"Code 5 Housing Study, Cross Street, Gainsborough",7c0ac21389c6922d4ea8e705391c1d9c7a0b130b,http://www.getembed.com/4/projects/7c0ac21389c6922d4ea8e705391c1d9c7a0b130b/entities/,450105_a,a3a41d05d5954cdfe392b8f5ae0a79d77e213d3a,True,0,0,,-1.912,,
Building Performance Evaluation,bfb6e716f87d4f1a333fd37d5c3679b2b4b6d87f,"Code 5 Housing Study, Cross Street, Gainsborough",7c0ac21389c6922d4ea8e705391c1d9c7a0b130b,http://www.getembed.com/4/projects/7c0ac21389c6922d4ea8e705391c1d9c7a0b130b/entities/,450105_b,ed19430570053800610bc0f43ba4bd0583d4bef2,True,0,0,29.2243,-0.4022,,
Building Performance Evaluation,bfb6e716f87d4f1a333fd37d5c3679b2b4b6d87f,"Code 5 Housing Study, Cross Street, Gainsborough",7c0ac21389c6922d4ea8e705391c1d9c7a0b130b,http://www.getembed.com/4/projects/7c0ac21389c6922d4ea8e705391c1d9c7a0b130b/entities/,450105_d,ebeb945fe04944933fc72eeb0e28342ea7064bd2,True,0,0,,-0.9019,,
Building Performance Evaluation,bfb6e716f87d4f1a333fd37d5c3679b2b4b6d87f,"Code 5 Housing Study, Cross Street, Gainsborough",7c0ac21389c6922d4ea8e705391c1d9c7a0b130b,http://www.getembed.com/4/projects/7c0ac21389c6922d4ea8e705391c1d9c7a0b130b/entities/,450105_c,0b93fedc4c89d721e4eda337012924eaa8db2eaa,True,0,0,29.2169,-1.5701,,
Building Performance Evaluation,bfb6e716f87d4f1a333fd37d5c3679b2b4b6d87f,Green Street,9c1b0e4813b841e20ff936dd40d3f3d53843d193,http://www.getembed.com/4/projects/9c1b0e4813b841e20ff936dd40d3f3d53843d193/entities/,Property 4,1e5e215292de0cd67fa661232a18e99702e58137,True,1,1,2355.36,9.69,54.99,As designed
Building Performance Evaluation,bfb6e716f87d4f1a333fd37d5c3679b2b4b6d87f,Green Street,9c1b0e4813b841e20ff936dd40d3f3d53843d193,http://www.getembed.com/4/projects/9c1b0e4813b841e20ff936dd40d3f3d53843d193/entities/,Property 6,218f810fa847fe0f9ba2f18d358530c22f26c8bf,False,0,0,,,,
Building Performance Evaluation,bfb6e716f87d4f1a333fd37d5c3679b2b4b6d87f,Green Street,9c1b0e4813b841e20ff936dd40d3f3d53843d193,http://www.getembed.com/4/projects/9c1b0e4813b841e20ff936dd40d3f3d53843d193/entities/,Property 3,9d99683b5c6fde22bd31fcd20fa4c62015224dc6,True,1,1,2370.84,9.72,55.08,As designed
Building Performance Evaluation,bfb6e716f87d4f1a333fd37d5c3679b2b4b6d87f,Green Street,9c1b0e4813b841e20ff936dd40d3f3d53843d193,http://www.getembed.com/4/projects/9c1b0e4813b841e20ff936dd40d3f3d53843d193/entities/,Property 7,63cb28a42d18ddbae5c1062d794df4206fe94dd6,False,0,0,,,,
Building Performance Evaluation,bfb6e716f87d4f1a333fd37d5c3679b2b4b6d87f,Green Street,9c1b0e4813b841e20ff936dd40d3f3d53843d193,http://www.getembed.com/4/projects/9c1b0e4813b841e20ff936dd40d3f3d53843d193/entities/,Property 2,d13147127a993bdf89fff6cff49420e2ac19c7d8,True,1,1,19.09,7.77,54.99,As built
Building Performance Evaluation,bfb6e716f87d4f1a333fd37d5c3679b2b4b6d87f,Green Street,9c1b0e4813b841e20ff936dd40d3f3d53843d193,http://www.getembed.com/4/projects/9c1b0e4813b841e20ff936dd40d3f3d53843d193/entities/,Property 5,ab9f95b8e8b063bc0eb5bb34ecaa2e626bda3379,False,0,0,,,,
Building Performance Evaluation,bfb6e716f87d4f1a333fd37d5c3679b2b4b6d87f,Green Street,9c1b0e4813b841e20ff936dd40d3f3d53843d193,http://www.getembed.com/4/projects/9c1b0e4813b841e20ff936dd40d3f3d53843d193/entities/,Property 8,2a2e89ef1a7e4ce047529da5c9cab55877611058,False,0,0,,,,
Building Performance Evaluation,bfb6e716f87d4f1a333fd37d5c3679b2b4b6d87f,Green Street,9c1b0e4813b841e20ff936dd40d3f3d53843d193,http://www.getembed.com/4/projects/9c1b0e4813b841e20ff936dd40d3f3d53843d193/entities/,Property 1,91130ac89d1c1ed6d6b8301a2015f184c7518c51,True,1,1,21.16,8.47,58.22,As built
Building Performance Evaluation,bfb6e716f87d4f1a333fd37d5c3679b2b4b6d87f,Birchway Eco-Community,b109d00145de43f62e41cbbf666dcc0069b3b717,http://www.getembed.com/4/projects/b109d00145de43f62e41cbbf666dcc0069b3b717/entities/,Plot x,cf900b11838d1c4625477a6a3475dbe2986af1bb,True,0,0,,,,
Building Performance Evaluation,bfb6e716f87d4f1a333fd37d5c3679b2b4b6d87f,"Lea Field Court, Huntington",095c7b21786c8040722c786f6f22dbb6eb72b584,http://www.getembed.com/4/projects/095c7b21786c8040722c786f6f22dbb6eb72b584/entities/,Plot 2,cc221149-2d5d-4ecc-a034-010bc4575210,False,0,0,,,,
Building Performance Evaluation,bfb6e716f87d4f1a333fd37d5c3679b2b4b6d87f,"Lea Field Court, Huntington",095c7b21786c8040722c786f6f22dbb6eb72b584,http://www.getembed.com/4/projects/095c7b21786c8040722c786f6f22dbb6eb72b584/entities/,Plot 1,3e8d1b18-a04b-47b3-83e4-5615bb5ab876,False,0,0,,,,
Building Performance Evaluation,bfb6e716f87d4f1a333fd37d5c3679b2b4b6d87f,Rowan House Passivhaus Social Housing for Exeter City Council,701bf003d85a59a9fd9f2fa36b4de26cf3853eb7,http://www.getembed.com/4/projects/701bf003d85a59a9fd9f2fa36b4de26cf3853eb7/entities/,BPE029_BI81 (Rowan House Flat 1),017b9c0e37bcad5b937d6a4b93b31042b17a732e,False,0,0,,,,
Building Performance Evaluation,bfb6e716f87d4f1a333fd37d5c3679b2b4b6d87f,Rowan House Passivhaus Social Housing for Exeter City Council,701bf003d85a59a9fd9f2fa36b4de26cf3853eb7,http://www.getembed.com/4/projects/701bf003d85a59a9fd9f2fa36b4de26cf3853eb7/entities/,BPE030_BI81 (Rowan House Flat 3),87eca0c5148f0bd8e98844595076314c2393ec2a,False,0,0,,,,
Energy Saving Trust Smart Metering Advice Project (SMAP),0d37a05acb6ed4d6eed471c1751ff78817790024,Smart Metering Advice Project,ee6db008a99bec6874c126ddef324413db305f1c,http://www.getembed.com/4/projects/ee6db008a99bec6874c126ddef324413db305f1c/entities/,SMAP31,ff3e66dd8abc619ab71f7f8b0802ed73dae22f4e,False,0,0,,,,
Energy Saving Trust Smart Metering Advice Project (SMAP),0d37a05acb6ed4d6eed471c1751ff78817790024,Smart Metering Advice Project,ee6db008a99bec6874c126ddef324413db305f1c,http://www.getembed.com/4/projects/ee6db008a99bec6874c126ddef324413db305f1c/entities/,SMAP17,84a7fbe3bd9246277ff1f60602503ad1efc87e59,False,0,0,,,,
Energy Saving Trust Smart Metering Advice Project (SMAP),0d37a05acb6ed4d6eed471c1751ff78817790024,Smart Metering Advice Project,ee6db008a99bec6874c126ddef324413db305f1c,http://www.getembed.com/4/projects/ee6db008a99bec6874c126ddef324413db305f1c/entities/,SMAP20,f6fbd53755a5e9dd2a841e2f363f1fd781816526,False,0,0,,,,
Energy Saving Trust Smart Metering Advice Project (SMAP),0d37a05acb6ed4d6eed471c1751ff78817790024,Smart Metering Advice Project,ee6db008a99bec6874c126ddef324413db305f1c,http://www.getembed.com/4/projects/ee6db008a99bec6874c126ddef324413db305f1c/entities/,SMAP24,018f2908488e74022f764d222af45d5b6b7907fa,False,0,0,,,,
Energy Saving Trust Smart Metering Advice Project (SMAP),0d37a05acb6ed4d6eed471c1751ff78817790024,Smart Metering Advice Project,ee6db008a99bec6874c126ddef324413db305f1c,http://www.getembed.com/4/projects/ee6db008a99bec6874c126ddef324413db305f1c/entities/,SMAP18,cbf09f51fc6ca33b9c509850f62d5090a9674dc6,False,0,0,,,,
Energy Saving Trust Smart Metering Advice Project (SMAP),0d37a05acb6ed4d6eed471c1751ff78817790024,Smart Metering Advice Project,ee6db008a99bec6874c126ddef324413db305f1c,http://www.getembed.com/4/projects/ee6db008a99bec6874c126ddef324413db305f1c/entities/,SMAP33,b350d43248b65629ec6520fe78c31b4ccbfdd0e5,False,0,0,,,,
Energy Saving Trust Smart Metering Advice Project (SMAP),0d37a05acb6ed4d6eed471c1751ff78817790024,Smart Metering Advice Project,ee6db008a99bec6874c126ddef324413db305f1c,http://www.getembed.com/4/projects/ee6db008a99bec6874c126ddef324413db305f1c/entities/,SMAP06,51337f852dda47c2c0b9665715fc10af919d721c,False,0,0,,,,
Energy Saving Trust Smart Metering Advice Project (SMAP),0d37a05acb6ed4d6eed471c1751ff78817790024,Smart Metering Advice Project,ee6db008a99bec6874c126ddef324413db305f1c,http://www.getembed.com/4/projects/ee6db008a99bec6874c126ddef324413db305f1c/entities/,SMAP11,39e1e7d38a428df01e8595e7f2b4a3e60b6878d8,False,0,0,,,,
Energy Saving Trust Smart Metering Advice Project (SMAP),0d37a05acb6ed4d6eed471c1751ff78817790024,Smart Metering Advice Project,ee6db008a99bec6874c126ddef324413db305f1c,http://www.getembed.com/4/projects/ee6db008a99bec6874c126ddef324413db305f1c/entities/,SMAP13,3220bac59f8e44f32a3c51d2ab7155fbdaeb74fe,False,0,0,,,,
Energy Saving Trust Smart Metering Advice Project (SMAP),0d37a05acb6ed4d6eed471c1751ff78817790024,Smart Metering Advice Project,ee6db008a99bec6874c126ddef324413db305f1c,http://www.getembed.com/4/projects/ee6db008a99bec6874c126ddef324413db305f1c/entities/,SMAP27,d4eb80cb2d47b24205b5ef487fad4eceece04b58,False,0,0,,,,
Energy Saving Trust Smart Metering Advice Project (SMAP),0d37a05acb6ed4d6eed471c1751ff78817790024,Smart Metering Advice Project,ee6db008a99bec6874c126ddef324413db305f1c,http://www.getembed.com/4/projects/ee6db008a99bec6874c126ddef324413db305f1c/entities/,SMAP28,fad0515db6cf69c9faa69a4e8b55746c144b1f26,False,0,0,,,,
Energy Saving Trust Smart Metering Advice Project (SMAP),0d37a05acb6ed4d6eed471c1751ff78817790024,Smart Metering Advice Project,ee6db008a99bec6874c126ddef324413db305f1c,http://www.getembed.com/4/projects/ee6db008a99bec6874c126ddef324413db305f1c/entities/,SMAP04,8b12e587748ba06a5b80bf1276c3d7e78c273926,False,0,0,,,,
Energy Saving Trust Smart Metering Advice Project (SMAP),0d37a05acb6ed4d6eed471c1751ff78817790024,Smart Metering Advice Project,ee6db008a99bec6874c126ddef324413db305f1c,http://www.getembed.com/4/projects/ee6db008a99bec6874c126ddef324413db305f1c/entities/,SMAP14,a7ca35ba1773492a6fccb456a90a8637c9669eb0,False,0,0,,,,
Energy Saving Trust Smart Metering Advice Project (SMAP),0d37a05acb6ed4d6eed471c1751ff78817790024,Smart Metering Advice Project,ee6db008a99bec6874c126ddef324413db305f1c,http://www.getembed.com/4/projects/ee6db008a99bec6874c126ddef324413db305f1c/entities/,SMAP08,a48c39e06ca866d25255364484f187aa21c19ada,False,0,0,,,,
Energy Saving Trust Smart Metering Advice Project (SMAP),0d37a05acb6ed4d6eed471c1751ff78817790024,Smart Metering Advice Project,ee6db008a99bec6874c126ddef324413db305f1c,http://www.getembed.com/4/projects/ee6db008a99bec6874c126ddef324413db305f1c/entities/,SMAP15,ee31e5e410c03446316171dbe3360477914f2255,False,0,0,,,,
Energy Saving Trust Smart Metering Advice Project (SMAP),0d37a05acb6ed4d6eed471c1751ff78817790024,Smart Metering Advice Project,ee6db008a99bec6874c126ddef324413db305f1c,http://www.getembed.com/4/projects/ee6db008a99bec6874c126ddef324413db305f1c/entities/,SMAP16,7a4ec2b6ec7b6098617929c078cb1b8b8074e219,False,0,0,,,,
Energy Saving Trust Smart Metering Advice Project (SMAP),0d37a05acb6ed4d6eed471c1751ff78817790024,Smart Metering Advice Project,ee6db008a99bec6874c126ddef324413db305f1c,http://www.getembed.com/4/projects/ee6db008a99bec6874c126ddef324413db305f1c/entities/,SMAP01,059e6231fd82e0debe1ac79e9c1b55a0981c8444,False,0,0,,,,
Energy Saving Trust Smart Metering Advice Project (SMAP),0d37a05acb6ed4d6eed471c1751ff78817790024,Smart Metering Advice Project,ee6db008a99bec6874c126ddef324413db305f1c,http://www.getembed.com/4/projects/ee6db008a99bec6874c126ddef324413db305f1c/entities/,SMAP03,13a2e15551021ea6fed364ecf03a2db6a2a88c38,False,0,0,,,,
Energy Saving Trust Smart Metering Advice Project (SMAP),0d37a05acb6ed4d6eed471c1751ff78817790024,Smart Metering Advice Project,ee6db008a99bec6874c126ddef324413db305f1c,http://www.getembed.com/4/projects/ee6db008a99bec6874c126ddef324413db305f1c/entities/,SMAP09,f24b2474694893d60195a34ff60165f7374ab51d,False,0,0,,,,
Energy Saving Trust Smart Metering Advice Project (SMAP),0d37a05acb6ed4d6eed471c1751ff78817790024,Smart Metering Advice Project,ee6db008a99bec6874c126ddef324413db305f1c,http://www.getembed.com/4/projects/ee6db008a99bec6874c126ddef324413db305f1c/entities/,SMAP26,d9f090d70725bcec2c32de0f1c8894471ddbdfd4,False,0,0,,,,
Energy Saving Trust Smart Metering Advice Project (SMAP),0d37a05acb6ed4d6eed471c1751ff78817790024,Smart Metering Advice Project,ee6db008a99bec6874c126ddef324413db305f1c,http://www.getembed.com/4/projects/ee6db008a99bec6874c126ddef324413db305f1c/entities/,SMAP07,d51140c2505dbc69c4cffb912c7f5016f1bf2f93,False,0,0,,,,
Energy Saving Trust Smart Metering Advice Project (SMAP),0d37a05acb6ed4d6eed471c1751ff78817790024,Smart Metering Advice Project,ee6db008a99bec6874c126ddef324413db305f1c,http://www.getembed.com/4/projects/ee6db008a99bec6874c126ddef324413db305f1c/entities/,SMAP29,d2618df11e282b622bedb50dc39384c68b95ee93,False,0,0,,,,
Energy Saving Trust Smart Metering Advice Project (SMAP),0d37a05acb6ed4d6eed471c1751ff78817790024,Smart Metering Advice Project,ee6db008a99bec6874c126ddef324413db305f1c,http://www.getembed.com/4/projects/ee6db008a99bec6874c126ddef324413db305f1c/entities/,SMAP10,231364b041c28d152539dd3320b672cdf1922025,False,0,0,,,,
Energy Saving Trust Smart Metering Advice Project (SMAP),0d37a05acb6ed4d6eed471c1751ff78817790024,Smart Metering Advice Project,ee6db008a99bec6874c126ddef324413db305f1c,http://www.getembed.com/4/projects/ee6db008a99bec6874c126ddef324413db305f1c/entities/,SMAP23,ac94b615fd0f9fab0098a075ea9269c8264679cb,False,0,0,,,,
Energy Saving Trust Smart Metering Advice Project (SMAP),0d37a05acb6ed4d6eed471c1751ff78817790024,Smart Metering Advice Project,ee6db008a99bec6874c126ddef324413db305f1c,http://www.getembed.com/4/projects/ee6db008a99bec6874c126ddef324413db305f1c/entities/,SMAP30,53250ff1f505dfba25fff63911c1e80eba5b6f9e,False,0,0,,,,
Energy Saving Trust Smart Metering Advice Project (SMAP),0d37a05acb6ed4d6eed471c1751ff78817790024,Smart Metering Advice Project,ee6db008a99bec6874c126ddef324413db305f1c,http://www.getembed.com/4/projects/ee6db008a99bec6874c126ddef324413db305f1c/entities/,SMAP32,6baddbc3d4324d7090d4dca3cab88c1134e839ca,False,0,0,,,,
Energy Saving Trust Smart Metering Advice Project (SMAP),0d37a05acb6ed4d6eed471c1751ff78817790024,Smart Metering Advice Project,ee6db008a99bec6874c126ddef324413db305f1c,http://www.getembed.com/4/projects/ee6db008a99bec6874c126ddef324413db305f1c/entities/,SMAP12,59105d997d45b1179d20334bb8e66bd74935b555,False,0,0,,,,
Energy Saving Trust Smart Metering Advice Project (SMAP),0d37a05acb6ed4d6eed471c1751ff78817790024,Smart Metering Advice Project,ee6db008a99bec6874c126ddef324413db305f1c,http://www.getembed.com/4/projects/ee6db008a99bec6874c126ddef324413db305f1c/entities/,SMAP25,581b4b9f50b13a4c84c84e4ae1ca87b1834f6437,False,0,0,,,,
Energy Saving Trust Smart Metering Advice Project (SMAP),0d37a05acb6ed4d6eed471c1751ff78817790024,Smart Metering Advice Project,ee6db008a99bec6874c126ddef324413db305f1c,http://www.getembed.com/4/projects/ee6db008a99bec6874c126ddef324413db305f1c/entities/,SMAP02,9087403dfa43f840b5f2a9f73e3277ab85f1c8fc,False,0,0,,,,
Energy Saving Trust Smart Metering Advice Project (SMAP),0d37a05acb6ed4d6eed471c1751ff78817790024,Smart Metering Advice Project,ee6db008a99bec6874c126ddef324413db305f1c,http://www.getembed.com/4/projects/ee6db008a99bec6874c126ddef324413db305f1c/entities/,SMAP05,c6a3cd2396cc35aebef4934ed2d4525596441f19,False,0,0,,,,
Energy Saving Trust Smart Metering Advice Project (SMAP),0d37a05acb6ed4d6eed471c1751ff78817790024,Smart Metering Advice Project,ee6db008a99bec6874c126ddef324413db305f1c,http://www.getembed.com/4/projects/ee6db008a99bec6874c126ddef324413db305f1c/entities/,SMAP19,b5b2e484fb785881a9abac03d3a93a800d580aad,False,0,0,,,,
Energy Saving Trust Smart Metering Advice Project (SMAP),0d37a05acb6ed4d6eed471c1751ff78817790024,Smart Metering Advice Project,ee6db008a99bec6874c126ddef324413db305f1c,http://www.getembed.com/4/projects/ee6db008a99bec6874c126ddef324413db305f1c/entities/,SMAP22,1e654289ddb4652f6f7edf61e73c23d785792c78,False,0,0,,,,
Energy Saving Trust Smart Metering Advice Project (SMAP),0d37a05acb6ed4d6eed471c1751ff78817790024,Smart Metering Advice Project,ee6db008a99bec6874c126ddef324413db305f1c,http://www.getembed.com/4/projects/ee6db008a99bec6874c126ddef324413db305f1c/entities/,SMAP21,f667448063b9029631f9897c3a2cd807c45aa447,False,0,0,,,,
